,decile_score,Race,age,juv_fel_count,juv_misd_count,juv_other_count,priors_count,days_b_screening_arrest,days_in_jail,c_charge_degree,influences
2647,0,Non-White,0,0,13,1,21,0.0,118.0,False,-3.5429817e-05
96,1,Non-White,1,0,0,0,5,0.0,0.0,False,-0.00011411309
2648,1,Non-White,1,0,0,0,5,0.0,0.0,False,-0.00011411309
2020,0,Non-White,0,0,0,0,3,1.0,2.0,True,-0.00020553172
4188,1,Non-White,0,0,0,0,3,1.0,2.0,True,-0.00020553172
2485,1,Non-White,0,0,0,0,1,28.0,13.0,False,0.0003040135
2706,0,Non-White,0,0,0,0,3,1.0,3.0,True,0.00075390935
4094,1,White,1,0,0,0,5,0.0,1.0,False,0.0008455664
5815,1,Non-White,0,0,0,0,1,26.0,1.0,False,-0.00087210536
1280,1,White,1,0,0,0,11,1.0,57.0,True,0.0010744631
1004,1,White,0,0,0,0,3,1.0,1.0,True,-0.001161933
4624,1,Non-White,0,0,0,0,3,1.0,1.0,True,-0.001161933
1662,1,Non-White,0,0,0,0,3,1.0,1.0,True,-0.001161933
5279,1,Non-White,0,0,0,0,3,1.0,1.0,True,-0.001161933
5982,1,Non-White,1,0,0,0,2,0.0,65.0,False,0.0013919771
5554,1,White,0,0,0,1,2,1.0,25.0,True,-0.0014063567
3196,1,Non-White,1,0,0,0,5,1.0,4.0,False,-0.0014392436
2605,1,White,1,0,0,0,5,1.0,4.0,False,-0.0014392436
6016,1,Non-White,1,0,0,1,5,1.0,7.0,False,-0.0015462488
4960,0,Non-White,0,5,1,0,10,0.0,0.0,False,-0.0016926572
2979,1,Non-White,1,0,0,0,5,1.0,3.0,False,-0.0023917109
3179,0,Non-White,1,0,0,0,4,1.0,24.0,False,-0.0025287122
685,1,Non-White,0,0,0,0,3,0.0,0.0,True,0.0030552447
5641,1,Non-White,1,0,0,0,5,1.0,2.0,False,-0.0033411533
4348,1,Non-White,0,0,0,0,3,1.0,6.0,True,0.0036503673
1038,0,Non-White,0,0,8,1,8,1.0,1.0,False,-0.003657312
2372,1,Non-White,0,0,0,2,3,0.0,7.0,True,0.0038074553
5075,1,White,1,0,0,0,5,1.0,1.0,False,-0.0042877197
1311,1,White,1,0,0,0,5,1.0,1.0,False,-0.0042877197
4874,1,White,1,0,0,0,5,1.0,1.0,False,-0.0042877197
376,1,Non-White,1,0,0,0,5,1.0,1.0,False,-0.0042877197
5653,1,Non-White,1,0,0,0,5,1.0,1.0,False,-0.0042877197
4856,1,Non-White,1,0,0,0,5,1.0,1.0,False,-0.0042877197
6054,1,White,1,0,0,0,5,1.0,1.0,False,-0.0042877197
2197,0,Non-White,1,0,0,0,5,1.0,1.0,False,-0.0042877197
6061,1,White,1,0,0,0,5,1.0,1.0,False,-0.0042877197
5249,1,Non-White,1,0,0,0,5,1.0,1.0,False,-0.0042877197
1623,1,Non-White,0,0,0,0,3,1.0,7.0,True,0.004622057
4951,0,Non-White,0,0,0,3,1,25.0,1.0,False,-0.0046241134
3115,1,White,1,0,0,0,1,1.0,85.0,False,-0.0048315823
5680,1,Non-White,0,0,0,0,3,1.0,8.0,True,0.0055966824
335,1,Non-White,1,0,0,0,5,1.0,12.0,False,0.006290108
3101,0,Non-White,0,0,4,0,14,1.0,180.0,False,-0.0069133085
3099,0,White,1,0,0,0,4,0.0,29.0,False,0.0075073987
3153,1,White,1,0,0,0,4,1.0,18.0,False,-0.008177713
4911,1,White,1,0,0,0,3,1.0,39.0,False,-0.0083118975
823,1,White,0,0,0,0,2,1.0,14.0,True,-0.00883849
3634,1,White,0,0,0,0,1,1.0,35.0,True,-0.008972451
5872,1,Non-White,1,0,0,0,5,2.0,1.0,False,-0.009333491
1444,1,White,1,0,0,0,1,1.0,80.0,False,-0.009509936
2445,1,Non-White,0,0,0,0,3,1.0,12.0,True,0.009525791
408,1,Non-White,1,0,0,0,0,1.0,101.0,False,-0.0096435845
427,1,White,1,0,0,0,1,0.0,74.0,False,-0.010079309
4441,1,Non-White,1,0,0,0,3,1.0,37.0,False,-0.010170013
1159,1,White,1,0,0,0,10,18.0,2.0,False,0.010385245
828,1,Non-White,0,0,0,0,6,18.0,18.0,True,-0.011602297
6000,0,White,1,0,0,0,3,1.0,35.0,False,-0.012016088
2259,1,White,0,0,0,1,2,1.0,13.0,True,-0.012638748
3821,1,White,0,0,0,1,1,23.0,2.0,False,0.012853175
5238,0,Non-White,1,0,0,0,3,1.0,34.0,False,-0.012934595
5760,1,Non-White,1,0,0,0,1,1.0,76.0,False,-0.013198599
1292,0,Non-White,1,4,0,1,14,1.0,1.0,False,-0.013400437
3563,1,Non-White,0,0,0,0,1,1.0,30.0,True,-0.01358442
1986,1,Non-White,0,0,0,0,1,26.0,16.0,False,0.013807505
3678,1,White,0,0,0,0,1,23.0,0.0,False,0.013965711
1740,1,Non-White,0,0,0,0,2,0.0,3.0,True,-0.014014244
6021,1,White,1,0,0,0,5,3.0,1.0,False,-0.014292166
4808,0,Non-White,0,0,0,0,13,1.0,475.0,False,-0.015177306
4367,1,White,0,0,0,0,1,1.0,28.0,True,-0.015408441
3164,1,White,1,0,0,0,0,1.0,127.0,False,0.015500531
1188,1,White,0,0,0,0,2,0.0,1.0,True,-0.0158353
273,1,White,0,0,0,0,2,0.0,1.0,True,-0.0158353
6153,1,White,0,0,0,0,2,0.0,1.0,True,-0.0158353
736,1,White,0,0,0,0,1,23.0,2.0,False,0.015975848
6130,0,White,0,0,0,0,2,1.0,6.0,True,-0.016185462
588,1,Non-White,0,0,0,0,2,1.0,6.0,True,-0.016185462
4027,1,Non-White,1,0,0,0,6,1.0,1.0,False,0.016371503
484,1,Non-White,1,0,0,0,6,1.0,1.0,False,0.016371503
2774,0,Non-White,1,0,0,0,6,1.0,1.0,False,0.016371503
4233,0,Non-White,1,0,0,0,6,1.0,1.0,False,0.016371503
1528,1,White,1,0,0,0,6,1.0,1.0,False,0.016371503
3925,1,Non-White,1,0,0,0,6,1.0,1.0,False,0.016371503
15,1,White,1,0,0,0,6,1.0,1.0,False,0.016371503
4035,1,Non-White,1,0,0,0,6,1.0,1.0,False,0.016371503
5166,1,White,1,0,0,0,6,1.0,1.0,False,0.016371503
6047,1,Non-White,1,0,0,0,9,0.0,75.0,True,-0.016570091
91,1,White,1,0,0,0,1,1.0,107.0,False,0.016654149
3539,1,White,0,0,0,0,2,0.0,0.0,True,-0.016741395
1657,1,Non-White,0,0,0,0,2,0.0,0.0,True,-0.016741395
5017,1,Non-White,0,0,0,0,2,0.0,0.0,True,-0.016741395
1403,0,Non-White,0,2,1,0,11,1.0,26.0,False,-0.017241877
3911,1,Non-White,1,0,0,0,6,1.0,2.0,False,0.017382532
2079,0,White,1,0,0,0,33,1.0,242.0,False,-0.017638337
192,1,Non-White,1,0,0,0,4,0.0,2.0,False,-0.017906293
1146,1,White,1,0,0,0,4,0.0,2.0,False,-0.017906293
5470,1,Non-White,0,0,0,0,2,1.0,4.0,True,-0.017992288
4840,0,Non-White,0,0,0,0,1,30.0,4.0,False,-0.018079072
337,1,White,1,0,0,0,4,1.0,7.0,False,-0.018253744
5934,1,White,1,0,0,0,6,1.0,3.0,False,0.018396512
3369,1,White,1,0,0,0,6,1.0,3.0,False,0.018396512
3621,1,White,1,0,0,0,4,0.0,1.0,False,-0.018805593
3600,1,Non-White,1,0,0,0,4,0.0,1.0,False,-0.018805593
2754,1,White,1,0,0,0,4,0.0,1.0,False,-0.018805593
4002,1,Non-White,0,0,0,0,0,1.0,45.0,True,-0.019149676
2506,1,Non-White,1,0,0,0,6,1.0,4.0,False,0.01941362
1799,1,White,1,0,0,0,1,1.0,69.0,False,-0.019539014
4157,1,Non-White,0,0,0,1,2,0.0,0.0,True,-0.019542202
4099,1,White,0,0,0,1,2,0.0,0.0,True,-0.019542202
1118,1,Non-White,1,0,0,0,4,0.0,0.0,False,-0.019701943
4456,1,Non-White,0,0,0,0,4,1.0,1.0,True,0.019709632
1554,0,Non-White,0,0,0,0,2,1.0,2.0,True,-0.019787356
433,1,Non-White,0,0,0,0,2,1.0,2.0,True,-0.019787356
4299,1,Non-White,1,0,0,0,4,1.0,5.0,False,-0.020047054
66,1,Non-White,0,0,0,0,1,0.0,17.0,True,-0.020464614
4055,1,Non-White,0,0,0,0,2,1.0,1.0,True,-0.020680323
5363,1,Non-White,0,0,0,0,2,1.0,1.0,True,-0.020680323
135,1,Non-White,0,0,0,0,2,1.0,1.0,True,-0.020680323
3195,1,Non-White,0,0,0,0,2,1.0,1.0,True,-0.020680323
4134,1,Non-White,0,0,0,0,2,1.0,1.0,True,-0.020680323
4097,1,Non-White,0,0,0,0,2,1.0,1.0,True,-0.020680323
3864,1,Non-White,0,0,0,0,2,1.0,1.0,True,-0.020680323
1267,1,Non-White,0,0,0,0,2,1.0,1.0,True,-0.020680323
4149,1,Non-White,0,0,0,0,2,1.0,1.0,True,-0.020680323
5876,1,White,0,0,0,0,2,1.0,1.0,True,-0.020680323
651,1,Non-White,0,0,0,0,2,1.0,1.0,True,-0.020680323
3741,1,Non-White,0,0,0,0,4,1.0,2.0,True,0.020730719
1171,1,White,0,0,0,0,1,1.0,22.0,True,-0.020808697
855,1,White,1,0,0,0,6,0.0,0.0,False,0.020828307
3386,0,Non-White,1,0,0,0,6,0.0,0.0,False,0.020828307
5537,1,Non-White,1,0,0,0,6,1.0,6.0,False,0.021456942
1237,0,Non-White,0,0,5,0,12,0.0,37.0,True,-0.021674408
4708,0,Non-White,1,0,0,0,21,1.0,449.0,False,-0.02176115
5846,1,Non-White,1,0,0,0,6,0.0,1.0,False,0.021852687
5768,1,White,1,0,0,0,2,1.0,91.0,False,0.021891713
2104,0,Non-White,0,0,2,2,20,1.0,30.0,False,-0.022019982
2743,0,Non-White,0,0,2,0,21,1.0,1.0,False,-0.022180269
4084,0,Non-White,1,0,6,1,19,1.0,1.0,True,-0.022545164
2327,1,White,1,0,0,0,4,1.0,2.0,False,-0.022714943
2088,1,White,1,0,0,0,4,1.0,2.0,False,-0.022714943
750,1,Non-White,1,0,0,0,4,1.0,2.0,False,-0.022714943
2681,1,White,1,0,0,0,3,1.0,23.0,False,-0.022842273
3606,1,Non-White,1,0,0,0,11,1.0,79.0,True,0.0229768
1801,1,Non-White,1,0,0,0,4,1.0,1.0,False,-0.023598239
4004,1,Non-White,1,0,0,0,4,1.0,1.0,False,-0.023598239
5805,1,Non-White,1,0,0,0,4,1.0,1.0,False,-0.023598239
973,1,White,1,0,0,0,4,1.0,1.0,False,-0.023598239
5472,1,Non-White,1,0,0,0,4,1.0,1.0,False,-0.023598239
6125,1,Non-White,1,0,0,0,4,1.0,1.0,False,-0.023598239
1855,0,Non-White,1,0,0,0,4,1.0,1.0,False,-0.023598239
618,0,Non-White,1,0,0,0,4,1.0,1.0,False,-0.023598239
660,1,Non-White,1,0,0,0,4,1.0,1.0,False,-0.023598239
5944,1,White,1,0,0,0,4,1.0,1.0,False,-0.023598239
1130,0,Non-White,0,0,3,1,15,1.0,2.0,False,-0.024074921
4062,1,Non-White,0,0,0,0,4,0.0,0.0,True,0.02421081
6106,0,White,0,4,0,0,5,1.0,10.0,True,-0.024403851
300,1,Non-White,0,0,0,1,2,1.0,51.0,True,0.024431884
1509,1,White,1,0,0,0,4,1.0,0.0,False,-0.024478659
5085,1,White,0,0,0,0,2,2.0,2.0,True,-0.024562553
3390,1,Non-White,1,0,0,0,0,1.0,84.0,False,-0.024984524
6022,1,Non-White,1,1,0,0,18,0.0,299.0,False,-0.025020825
4183,0,Non-White,1,0,0,0,13,1.0,39.0,True,0.025340065
6145,1,White,1,0,0,0,5,1.0,31.0,False,0.025431395
276,1,White,0,0,0,0,2,2.0,1.0,True,-0.025439784
3142,1,White,1,0,0,0,2,1.0,41.0,False,-0.025608301
1957,0,Non-White,0,0,3,2,14,0.0,5.0,False,-0.025810374
4336,1,Non-White,0,0,0,0,0,0.0,32.0,True,-0.025891349
5700,1,Non-White,0,0,0,0,1,1.0,16.0,True,-0.026102811
4110,0,Non-White,0,0,1,0,24,0.0,0.0,False,-0.026752641
3359,0,Non-White,0,0,0,0,29,1.0,5.0,False,-0.027353087
2364,0,Non-White,1,0,0,0,0,1.0,81.0,False,-0.02760315
396,1,Non-White,1,0,0,0,12,1.0,4.0,True,-0.028047442
1889,1,White,1,0,0,0,6,10.0,2.0,False,-0.028131902
1676,1,Non-White,1,0,0,0,4,2.0,1.0,False,-0.02830562
4009,1,Non-White,1,0,0,0,3,0.0,11.0,False,-0.02862762
1724,0,Non-White,1,0,0,0,16,0.0,483.0,False,-0.029096058
2705,0,Non-White,1,0,0,0,6,1.0,14.0,False,0.029753834
5259,0,Non-White,1,0,0,0,15,1.0,1.0,True,0.02981262
1010,1,White,1,0,0,0,0,1.0,78.0,False,-0.030195475
5343,0,White,0,0,0,0,1,1.0,11.0,True,-0.030433804
241,1,White,1,0,0,0,3,1.0,14.0,False,-0.030683264
749,0,Non-White,0,0,3,1,6,1.0,136.0,False,-0.030733528
3687,0,Non-White,0,0,1,0,1,1.0,456.0,False,-0.03119533
3365,1,Non-White,1,0,0,0,4,3.0,3.0,False,-0.03122145
5888,1,Non-White,0,0,2,0,17,0.0,1.0,False,-0.03131026
6134,1,Non-White,0,0,0,2,1,1.0,16.0,True,-0.031483144
942,0,White,0,0,0,2,4,10.0,1.0,True,-0.031518653
3342,1,White,1,0,0,0,3,1.0,13.0,False,-0.031539917
3169,1,Non-White,1,0,0,0,3,1.0,13.0,False,-0.031539917
1233,1,Non-White,1,0,0,0,2,1.0,34.0,False,-0.031663015
2689,1,White,0,0,0,0,2,29.0,29.0,False,0.03231974
951,0,Non-White,1,0,0,1,12,1.0,2.0,True,-0.032441378
212,0,White,0,0,0,1,1,0.0,6.0,True,-0.032764494
5645,1,White,1,0,0,0,4,3.0,1.0,False,-0.03292814
5217,1,White,1,0,0,0,5,7.0,1.0,False,-0.033267975
3287,1,White,1,0,0,0,2,0.0,97.0,False,0.03377475
3471,1,Non-White,0,0,0,0,1,1.0,7.0,True,-0.033846304
2316,0,White,0,0,0,0,3,1.0,36.0,True,0.034132004
662,1,White,0,0,0,0,1,0.0,1.0,True,-0.03436601
5089,1,White,1,0,0,0,5,8.0,5.0,False,-0.03444232
3877,1,Non-White,1,0,1,0,10,1.0,1.0,True,0.034807444
5741,1,White,1,0,0,0,3,1.0,9.0,False,-0.03493747
1886,1,Non-White,0,0,0,0,1,0.0,0.0,True,-0.035210207
6048,1,Non-White,0,0,0,0,1,0.0,0.0,True,-0.035210207
5162,1,Non-White,0,0,0,0,1,0.0,0.0,True,-0.035210207
1995,0,White,0,0,0,0,1,0.0,0.0,True,-0.035210207
1853,0,Non-White,0,0,0,0,4,1.0,16.0,True,0.035349473
5685,1,Non-White,0,0,0,0,4,12.0,1.0,True,-0.035378084
116,1,Non-White,1,0,0,0,3,1.0,8.0,False,-0.035779506
3328,1,Non-White,1,0,0,0,2,1.0,29.0,False,-0.035900682
1258,1,White,1,0,0,0,14,1.0,28.0,True,0.036012262
1629,0,Non-White,0,0,3,0,18,1.0,18.0,True,-0.036129124
3793,1,Non-White,1,0,0,0,4,4.0,2.0,False,-0.036630407
3373,0,Non-White,1,0,0,0,2,1.0,28.0,False,-0.036739573
1703,1,White,1,0,0,0,1,1.0,49.0,False,-0.036860034
5039,1,Non-White,0,0,0,0,2,23.0,1.0,False,0.03691019
3517,1,White,1,0,0,0,5,1.0,42.0,False,0.037021697
988,1,Non-White,1,0,0,0,3,0.0,1.0,False,-0.03713277
653,1,Non-White,0,0,0,0,1,1.0,3.0,True,-0.037212506
4983,1,Non-White,1,0,0,0,5,0.0,37.0,False,0.03743519
4656,1,Non-White,1,0,0,0,3,1.0,6.0,False,-0.037455246
6127,0,Non-White,1,1,0,0,7,1.0,1.0,True,0.037561
5357,1,White,1,0,0,0,6,13.0,7.0,False,-0.037621766
397,1,White,0,0,0,1,1,0.0,0.0,True,-0.037818745
3467,1,White,1,0,0,0,3,0.0,0.0,False,-0.037967518
911,1,White,1,0,0,0,3,0.0,0.0,False,-0.037967518
5231,1,White,1,0,0,0,3,0.0,0.0,False,-0.037967518
2663,1,White,1,0,0,0,3,0.0,0.0,False,-0.037967518
2658,1,White,1,0,0,0,3,0.0,0.0,False,-0.037967518
6104,1,Non-White,1,0,0,0,3,0.0,0.0,False,-0.037967518
4953,1,Non-White,1,0,0,0,3,0.0,0.0,False,-0.037967518
317,1,Non-White,0,0,0,0,1,1.0,2.0,True,-0.038047016
243,0,Non-White,0,0,0,0,1,1.0,2.0,True,-0.038047016
2891,1,Non-White,0,0,0,0,1,1.0,2.0,True,-0.038047016
143,1,Non-White,0,0,0,0,1,1.0,2.0,True,-0.038047016
2115,1,Non-White,0,0,0,0,1,1.0,2.0,True,-0.038047016
160,1,White,1,0,0,0,8,0.0,71.0,True,-0.03840044
5406,1,Non-White,1,0,0,0,7,1.0,1.0,False,0.03840342
936,1,Non-White,1,0,0,0,7,1.0,1.0,False,0.03840342
4701,1,Non-White,1,0,0,0,7,1.0,1.0,False,0.03840342
3463,1,White,1,0,0,0,7,1.0,1.0,False,0.03840342
794,1,Non-White,1,0,0,0,1,1.0,128.0,False,0.038549468
4699,0,White,1,0,0,0,0,1.0,68.0,False,-0.03864807
1228,1,White,1,0,0,0,3,1.0,86.0,False,0.038859233
5108,1,Non-White,0,0,0,0,1,1.0,1.0,True,-0.038878486
3707,1,White,0,0,0,0,1,1.0,1.0,True,-0.038878486
5962,1,Non-White,0,0,0,0,1,1.0,1.0,True,-0.038878486
2131,1,Non-White,0,0,0,0,1,1.0,1.0,True,-0.038878486
167,1,Non-White,0,0,0,0,1,1.0,1.0,True,-0.038878486
1035,1,White,0,0,0,0,1,1.0,1.0,True,-0.038878486
4778,1,Non-White,0,0,0,0,1,1.0,1.0,True,-0.038878486
3449,1,White,0,0,0,0,1,1.0,1.0,True,-0.038878486
2618,1,White,0,0,0,0,1,1.0,1.0,True,-0.038878486
3355,1,Non-White,0,0,0,0,1,1.0,1.0,True,-0.038878486
3222,1,Non-White,0,0,0,0,1,1.0,1.0,True,-0.038878486
5442,1,White,0,0,0,0,1,1.0,1.0,True,-0.038878486
4074,1,Non-White,0,0,0,0,1,1.0,1.0,True,-0.038878486
2768,1,Non-White,0,0,0,0,1,1.0,1.0,True,-0.038878486
5707,0,Non-White,0,0,0,0,1,1.0,1.0,True,-0.038878486
6013,1,Non-White,0,0,0,0,1,1.0,1.0,True,-0.038878486
1746,1,Non-White,0,0,0,0,1,1.0,1.0,True,-0.038878486
5281,1,White,0,0,0,0,1,1.0,1.0,True,-0.038878486
3778,1,Non-White,0,0,0,0,1,1.0,1.0,True,-0.038878486
5564,1,Non-White,0,0,0,0,1,1.0,1.0,True,-0.038878486
2407,1,Non-White,0,0,0,0,1,1.0,1.0,True,-0.038878486
5620,1,Non-White,1,0,0,0,7,1.0,2.0,False,0.03947963
5770,1,Non-White,1,0,0,0,7,1.0,2.0,False,0.03947963
2103,1,Non-White,1,0,0,0,7,1.0,2.0,False,0.03947963
1869,1,Non-White,1,0,0,0,7,1.0,2.0,False,0.03947963
2150,0,Non-White,0,1,1,0,5,1.0,137.0,False,-0.039730065
5951,1,White,0,0,0,0,0,1.0,21.0,True,-0.03982617
3656,0,Non-White,0,0,0,2,1,1.0,6.0,True,-0.03989248
6160,0,Non-White,0,0,1,0,19,0.0,9.0,False,-0.040227596
772,1,White,0,0,0,1,3,1.0,45.0,True,0.0404405
2222,1,Non-White,1,0,0,0,7,1.0,3.0,False,0.04055889
5533,1,White,1,0,0,0,2,0.0,18.0,False,-0.04057294
6029,1,Non-White,0,0,0,0,0,1.0,20.0,True,-0.04065156
3267,1,White,1,0,0,0,3,1.0,2.0,False,-0.040772244
5219,1,Non-White,1,0,0,0,3,1.0,2.0,False,-0.040772244
2646,1,Non-White,1,0,0,0,3,1.0,2.0,False,-0.040772244
5852,1,Non-White,0,2,0,0,8,1.0,1.0,False,-0.04080484
104,0,White,1,0,0,0,13,1.0,471.0,False,-0.04080641
3268,1,Non-White,0,0,0,1,1,1.0,1.0,True,-0.04144776
2614,1,Non-White,1,0,0,0,6,1.0,25.0,False,0.04148528
2656,1,White,1,0,0,0,3,1.0,1.0,False,-0.04159437
3422,1,White,1,0,0,0,3,1.0,1.0,False,-0.04159437
2201,1,White,1,0,0,0,3,1.0,1.0,False,-0.04159437
1755,1,Non-White,1,0,0,0,3,1.0,1.0,False,-0.04159437
4040,1,Non-White,1,0,0,0,3,1.0,1.0,False,-0.04159437
5416,1,Non-White,1,0,0,0,3,1.0,1.0,False,-0.04159437
5110,0,Non-White,1,0,0,0,3,1.0,1.0,False,-0.04159437
682,1,Non-White,1,0,0,0,3,1.0,1.0,False,-0.04159437
3008,1,White,1,0,0,0,3,1.0,1.0,False,-0.04159437
2460,1,Non-White,1,0,0,0,3,1.0,1.0,False,-0.04159437
1984,1,Non-White,1,0,0,0,3,1.0,1.0,False,-0.04159437
3924,0,White,0,0,0,0,2,22.0,0.0,False,0.041634455
6049,1,White,1,0,0,0,7,1.0,4.0,False,0.04164134
4591,1,Non-White,0,0,0,0,5,1.0,1.0,True,0.041956365
4154,0,Non-White,0,0,0,0,5,1.0,1.0,True,0.041956365
5942,1,Non-White,0,0,0,0,5,1.0,1.0,True,0.041956365
1987,1,White,0,0,0,0,0,0.0,13.0,True,-0.041977793
3133,1,White,0,0,0,0,1,2.0,2.0,True,-0.04249166
4927,1,Non-White,0,0,0,0,1,22.0,22.0,False,0.042563498
1593,1,Non-White,1,0,0,0,6,1.0,26.0,False,0.042570293
1765,1,Non-White,0,0,2,1,13,0.0,14.0,False,-0.042663407
4453,1,White,1,0,0,0,7,1.0,5.0,False,0.042726815
3514,1,White,1,0,0,0,0,1.0,63.0,False,-0.04276663
4377,0,Non-White,1,0,3,0,19,1.0,1.0,False,-0.04279785
1456,1,Non-White,1,0,0,0,7,0.0,0.0,False,0.04314664
3620,1,Non-White,1,0,0,0,7,0.0,0.0,False,0.04314664
2380,1,Non-White,0,0,0,0,1,18.0,1.0,False,0.043154866
6010,1,Non-White,0,0,0,0,1,2.0,1.0,True,-0.043307766
4910,1,White,0,0,0,0,1,2.0,1.0,True,-0.043307766
2387,0,Non-White,0,0,0,0,1,2.0,1.0,True,-0.043307766
4878,1,Non-White,1,0,0,0,1,1.0,41.0,False,-0.043464616
4442,0,Non-White,0,1,2,0,5,1.0,2.0,False,-0.043872215
5863,1,Non-White,0,1,2,0,5,1.0,2.0,False,-0.043872215
1026,1,Non-White,1,0,0,1,3,1.0,1.0,False,-0.04413469
5659,1,Non-White,1,0,0,0,7,0.0,1.0,False,0.04423651
5333,0,Non-White,0,0,0,0,0,1.0,15.0,True,-0.04473582
5677,1,Non-White,1,0,0,0,1,0.0,34.0,False,-0.0447751
4384,1,White,0,0,0,2,1,1.0,0.0,True,-0.044800684
3611,1,Non-White,1,0,0,0,15,1.0,15.0,True,0.04481086
387,0,Non-White,0,1,1,0,10,1.0,1.0,False,-0.044884827
4939,1,White,1,0,0,0,3,2.0,2.0,False,-0.045166507
4056,0,Non-White,0,0,0,0,5,1.0,4.0,True,0.04522498
5273,1,White,0,0,0,0,1,18.0,3.0,False,0.04533775
4719,0,Non-White,0,0,1,0,18,0.0,0.0,False,-0.045407616
6154,1,Non-White,1,0,0,0,8,0.0,62.0,True,-0.045770526
424,1,Non-White,1,0,0,0,33,0.0,14.0,False,-0.045787588
133,0,Non-White,1,0,0,0,4,7.0,7.0,False,-0.045800745
3946,1,White,1,0,0,0,3,2.0,1.0,False,-0.045973435
1878,0,Non-White,0,0,0,0,17,1.0,130.0,False,-0.046676513
1249,0,Non-White,0,1,0,2,15,1.0,2.0,False,-0.04668695
708,0,Non-White,1,1,0,0,25,1.0,6.0,False,-0.046899553
4302,0,White,1,0,0,0,28,1.0,118.0,False,-0.047088616
965,1,Non-White,0,0,0,0,0,1.0,12.0,True,-0.04715234
4804,0,Non-White,0,0,1,0,17,1.0,15.0,False,-0.047519293
517,1,Non-White,0,0,0,0,5,0.0,1.0,True,0.04784441
3120,1,Non-White,1,0,0,0,11,1.0,1.0,True,-0.048139527
1925,1,White,0,0,0,0,0,0.0,5.0,True,-0.04844202
5462,1,Non-White,0,0,0,0,1,3.0,0.0,True,-0.048453048
1094,1,Non-White,1,0,0,0,2,0.0,8.0,False,-0.048673466
4406,1,Non-White,1,0,0,0,11,1.0,0.0,True,-0.048935965
2228,1,Non-White,0,0,1,0,17,0.0,2.0,False,-0.048953693
4837,1,Non-White,1,0,0,0,2,0.0,7.0,False,-0.049467906
1903,0,White,0,0,0,0,0,1.0,9.0,True,-0.049543664
1470,1,White,1,0,0,0,1,1.0,33.0,False,-0.04988797
2028,1,White,1,0,0,0,0,1.0,54.0,False,-0.050001845
1346,1,White,0,0,0,0,0,0.0,3.0,True,-0.050029933
526,1,Non-White,0,0,0,0,0,1.0,8.0,True,-0.050335065
2561,0,White,0,0,2,1,9,0.0,54.0,False,-0.050850354
695,0,Non-White,0,0,1,0,16,1.0,17.0,False,-0.051186405
1024,0,Non-White,1,0,0,0,1,1.0,31.0,False,-0.051465645
477,1,Non-White,0,0,0,0,0,0.0,1.0,True,-0.05160682
1417,1,Non-White,0,0,0,0,0,0.0,1.0,True,-0.05160682
2578,1,White,0,0,0,0,0,0.0,1.0,True,-0.05160682
3932,1,Non-White,0,0,0,0,0,0.0,1.0,True,-0.05160682
5315,1,White,0,0,0,0,0,0.0,1.0,True,-0.05160682
2063,1,Non-White,0,0,0,0,0,0.0,1.0,True,-0.05160682
5871,1,Non-White,0,0,0,0,0,0.0,1.0,True,-0.05160682
2609,1,White,0,0,0,0,0,0.0,1.0,True,-0.05160682
4732,1,Non-White,0,0,0,0,0,0.0,1.0,True,-0.05160682
5256,1,White,0,0,0,0,0,0.0,1.0,True,-0.05160682
5020,1,Non-White,0,0,0,0,0,0.0,1.0,True,-0.05160682
529,1,Non-White,0,0,0,0,0,0.0,1.0,True,-0.05160682
1290,1,Non-White,0,0,0,0,0,0.0,1.0,True,-0.05160682
4814,1,Non-White,0,0,0,0,0,0.0,1.0,True,-0.05160682
5858,1,White,0,0,0,0,1,4.0,1.0,True,-0.051920667
5134,1,White,1,0,0,0,2,1.0,9.0,False,-0.05213757
4901,1,White,0,0,0,0,0,0.0,0.0,True,-0.052390933
436,1,Non-White,0,0,0,0,0,0.0,0.0,True,-0.052390933
4937,1,Non-White,0,0,0,0,0,0.0,0.0,True,-0.052390933
3760,0,White,0,0,0,0,0,0.0,0.0,True,-0.052390933
1713,1,Non-White,0,0,0,0,0,0.0,0.0,True,-0.052390933
1549,1,Non-White,0,0,0,0,0,0.0,0.0,True,-0.052390933
3396,1,Non-White,0,0,0,0,0,0.0,0.0,True,-0.052390933
1681,1,Non-White,0,0,0,0,0,0.0,0.0,True,-0.052390933
2586,1,White,0,0,0,0,0,0.0,0.0,True,-0.052390933
4623,1,White,0,0,0,0,0,0.0,0.0,True,-0.052390933
2957,1,White,0,0,0,0,0,0.0,0.0,True,-0.052390933
346,1,Non-White,0,0,0,0,0,0.0,0.0,True,-0.052390933
6074,1,Non-White,0,0,0,0,0,0.0,0.0,True,-0.052390933
2168,1,Non-White,0,0,0,0,0,0.0,0.0,True,-0.052390933
4592,1,Non-White,0,0,0,0,0,0.0,0.0,True,-0.052390933
2898,0,Non-White,0,0,0,0,0,1.0,5.0,True,-0.052692935
6159,1,Non-White,0,0,0,0,0,1.0,5.0,True,-0.052692935
5697,1,Non-White,0,0,0,0,0,1.0,5.0,True,-0.052692935
1898,0,Non-White,0,1,2,2,3,1.0,1.0,False,-0.053221427
1008,0,Non-White,0,0,0,0,0,1.0,4.0,True,-0.05347331
4573,1,Non-White,1,0,0,0,1,0.0,23.0,False,-0.053511143
5652,1,Non-White,0,1,0,0,5,1.0,171.0,False,-0.05370457
2421,1,Non-White,1,1,0,0,5,29.0,32.0,False,0.0541562
224,1,Non-White,1,0,0,0,2,0.0,1.0,False,-0.054176733
3564,1,Non-White,1,0,0,0,2,0.0,1.0,False,-0.054176733
4232,1,Non-White,1,0,0,0,2,0.0,1.0,False,-0.054176733
3341,1,White,1,0,0,0,2,0.0,1.0,False,-0.054176733
3751,1,White,0,0,0,0,0,1.0,3.0,True,-0.054250866
175,1,Non-White,0,0,0,0,0,1.0,3.0,True,-0.054250866
1911,1,Non-White,1,0,0,0,2,0.0,0.0,False,-0.054951817
5950,1,White,0,0,0,0,0,1.0,2.0,True,-0.05502571
4550,1,White,0,0,0,0,0,1.0,2.0,True,-0.05502571
627,1,White,0,0,0,0,0,1.0,2.0,True,-0.05502571
3213,1,White,0,0,0,0,0,1.0,2.0,True,-0.05502571
1151,1,Non-White,0,0,0,0,0,1.0,2.0,True,-0.05502571
5419,1,White,0,0,0,0,0,1.0,2.0,True,-0.05502571
4593,1,Non-White,0,0,0,0,0,1.0,2.0,True,-0.05502571
2790,1,White,0,0,0,0,0,1.0,2.0,True,-0.05502571
291,0,Non-White,0,0,0,0,0,1.0,2.0,True,-0.05502571
3368,1,White,0,0,0,0,2,24.0,23.0,False,0.05512099
3385,1,White,1,0,0,0,2,1.0,5.0,False,-0.055250302
3077,1,Non-White,0,0,0,0,1,5.0,2.0,True,-0.055334672
2001,1,White,0,0,0,0,0,1.0,1.0,True,-0.05579777
4242,1,Non-White,0,0,0,0,0,1.0,1.0,True,-0.05579777
5471,1,Non-White,0,0,0,0,0,1.0,1.0,True,-0.05579777
674,1,Non-White,0,0,0,0,0,1.0,1.0,True,-0.05579777
574,1,White,0,0,0,0,0,1.0,1.0,True,-0.05579777
5827,1,Non-White,0,0,0,0,0,1.0,1.0,True,-0.05579777
3573,1,Non-White,0,0,0,0,0,1.0,1.0,True,-0.05579777
2611,1,Non-White,0,0,0,0,0,1.0,1.0,True,-0.05579777
112,1,White,0,0,0,0,0,1.0,1.0,True,-0.05579777
824,1,Non-White,0,0,0,0,0,1.0,1.0,True,-0.05579777
5955,0,Non-White,0,0,0,0,0,1.0,1.0,True,-0.05579777
4435,1,White,0,0,0,0,0,1.0,1.0,True,-0.05579777
5830,1,Non-White,0,0,0,0,0,1.0,1.0,True,-0.05579777
5601,1,Non-White,0,0,0,0,0,1.0,1.0,True,-0.05579777
5796,1,Non-White,0,0,0,0,0,1.0,1.0,True,-0.05579777
5213,1,Non-White,0,0,0,0,0,1.0,1.0,True,-0.05579777
4396,1,Non-White,0,0,0,0,0,1.0,1.0,True,-0.05579777
4895,1,Non-White,0,0,0,0,0,1.0,1.0,True,-0.05579777
2164,1,White,0,0,0,0,0,1.0,1.0,True,-0.05579777
503,1,Non-White,0,0,0,0,0,1.0,1.0,True,-0.05579777
242,0,Non-White,0,0,0,0,0,1.0,1.0,True,-0.05579777
2606,1,Non-White,0,0,0,0,0,1.0,1.0,True,-0.05579777
1909,1,White,0,0,0,0,0,1.0,1.0,True,-0.05579777
6165,1,Non-White,0,0,0,0,0,1.0,1.0,True,-0.05579777
1126,1,Non-White,0,0,0,0,0,1.0,1.0,True,-0.05579777
2310,0,Non-White,0,0,0,0,0,1.0,1.0,True,-0.05579777
4801,1,White,0,0,0,0,0,1.0,1.0,True,-0.05579777
4855,1,White,0,0,0,0,0,1.0,1.0,True,-0.05579777
998,1,Non-White,0,0,0,0,0,1.0,1.0,True,-0.05579777
2144,1,Non-White,0,0,0,0,0,1.0,1.0,True,-0.05579777
5702,1,Non-White,0,0,0,0,0,1.0,1.0,True,-0.05579777
4325,1,Non-White,0,0,0,0,0,1.0,1.0,True,-0.05579777
4054,1,Non-White,0,0,0,0,0,1.0,1.0,True,-0.05579777
2941,1,Non-White,0,0,0,0,0,1.0,1.0,True,-0.05579777
3304,1,White,0,0,0,0,0,1.0,1.0,True,-0.05579777
5384,1,White,0,0,0,0,0,1.0,1.0,True,-0.05579777
5583,1,Non-White,0,0,0,0,0,1.0,1.0,True,-0.05579777
5228,0,Non-White,0,0,0,0,0,1.0,1.0,True,-0.05579777
5604,1,Non-White,0,0,0,0,0,1.0,1.0,True,-0.05579777
3188,1,Non-White,0,0,0,0,0,1.0,1.0,True,-0.05579777
1617,1,Non-White,0,0,0,0,0,1.0,1.0,True,-0.05579777
415,1,White,0,0,0,0,0,1.0,1.0,True,-0.05579777
4227,1,White,0,0,0,0,0,1.0,1.0,True,-0.05579777
5948,1,Non-White,0,0,0,0,0,1.0,1.0,True,-0.05579777
3059,1,Non-White,0,0,0,0,0,1.0,1.0,True,-0.05579777
1529,1,Non-White,0,0,0,0,0,1.0,1.0,True,-0.05579777
5606,0,White,0,0,0,0,0,1.0,1.0,True,-0.05579777
570,1,Non-White,0,0,0,0,0,1.0,1.0,True,-0.05579777
5749,1,Non-White,0,0,0,0,0,1.0,1.0,True,-0.05579777
1435,1,White,0,0,0,0,0,1.0,1.0,True,-0.05579777
1025,1,Non-White,0,0,0,0,0,1.0,1.0,True,-0.05579777
2031,1,White,0,0,0,0,0,1.0,1.0,True,-0.05579777
430,1,Non-White,0,0,0,0,0,1.0,1.0,True,-0.05579777
5667,1,White,0,0,0,0,0,1.0,1.0,True,-0.05579777
3782,0,White,0,0,0,0,0,1.0,0.0,True,-0.056567162
1807,1,White,0,0,0,0,0,1.0,0.0,True,-0.056567162
1235,1,White,1,1,0,0,2,1.0,4.0,True,-0.05662492
3847,1,Non-White,1,0,0,0,0,0.0,40.0,False,-0.05671498
1725,1,Non-White,1,0,0,0,2,1.0,3.0,False,-0.05679016
4089,1,Non-White,1,0,0,0,2,1.0,3.0,False,-0.05679016
2501,1,Non-White,0,0,0,2,0,0.0,0.0,True,-0.057209805
3542,0,Non-White,1,0,0,0,5,0.0,55.0,False,0.057231188
881,1,White,1,0,0,0,2,1.0,2.0,False,-0.057555884
3345,1,White,1,0,0,0,2,1.0,2.0,False,-0.057555884
3027,1,Non-White,1,0,0,0,2,1.0,2.0,False,-0.057555884
3045,1,White,1,0,0,0,2,1.0,2.0,False,-0.057555884
2612,1,Non-White,1,0,0,0,7,0.0,13.0,False,0.057556063
2358,0,Non-White,0,0,0,0,9,1.0,243.0,False,-0.057861824
4894,1,Non-White,0,0,0,1,0,1.0,1.0,True,-0.058182925
5082,1,Non-White,0,0,0,1,0,1.0,1.0,True,-0.058182925
6137,1,Non-White,0,0,0,1,0,1.0,1.0,True,-0.058182925
4126,1,Non-White,0,0,0,1,0,1.0,1.0,True,-0.058182925
2045,1,Non-White,1,0,0,0,2,1.0,1.0,False,-0.058318973
3662,1,Non-White,1,0,0,0,2,1.0,1.0,False,-0.058318973
3490,1,Non-White,1,0,0,0,2,1.0,1.0,False,-0.058318973
3453,1,White,1,0,0,0,2,1.0,1.0,False,-0.058318973
1868,1,White,1,0,0,0,2,1.0,1.0,False,-0.058318973
1219,1,White,1,0,0,0,2,1.0,1.0,False,-0.058318973
1689,0,Non-White,1,0,0,0,2,1.0,1.0,False,-0.058318973
2906,0,White,1,0,0,0,2,1.0,1.0,False,-0.058318973
1693,1,Non-White,1,0,0,0,2,1.0,1.0,False,-0.058318973
1390,1,Non-White,1,0,0,0,2,1.0,1.0,False,-0.058318973
5705,1,Non-White,1,0,0,0,2,1.0,1.0,False,-0.058318973
4611,1,White,1,0,0,0,2,1.0,1.0,False,-0.058318973
2911,1,White,1,0,0,0,2,1.0,1.0,False,-0.058318973
810,1,White,1,0,0,0,2,1.0,1.0,False,-0.058318973
5675,1,Non-White,1,0,0,0,2,1.0,1.0,False,-0.058318973
3835,1,White,1,0,0,0,2,1.0,1.0,False,-0.058318973
902,1,Non-White,1,0,0,0,2,1.0,1.0,False,-0.058318973
3968,1,White,1,0,0,0,2,1.0,1.0,False,-0.058318973
2219,1,White,1,0,0,0,2,1.0,1.0,False,-0.058318973
4353,1,White,1,0,0,0,2,1.0,1.0,False,-0.058318973
4420,1,Non-White,1,0,0,0,2,1.0,1.0,False,-0.058318973
3826,1,Non-White,1,1,0,0,2,1.0,1.0,True,-0.058915854
4168,0,White,0,0,0,0,0,2.0,2.0,True,-0.059151635
1415,1,White,1,0,0,0,1,1.0,21.0,False,-0.059188515
2929,1,Non-White,1,0,0,0,9,1.0,29.0,True,-0.059255302
3024,1,Non-White,0,0,0,0,2,22.0,16.0,False,0.05937448
1475,0,Non-White,1,0,0,0,15,1.0,331.0,False,-0.05958527
4407,1,White,1,0,0,0,1,0.0,15.0,False,-0.059653834
4171,0,White,0,0,0,0,20,11.0,56.0,False,-0.05965545
2739,1,White,1,0,0,0,0,0.0,36.0,False,-0.05976276
5747,1,Non-White,0,0,0,0,0,2.0,1.0,True,-0.05990897
2639,1,White,0,0,0,0,0,2.0,1.0,True,-0.05990897
3130,1,White,0,0,0,0,0,2.0,1.0,True,-0.05990897
3096,1,Non-White,0,0,0,0,0,2.0,1.0,True,-0.05990897
5809,1,Non-White,0,0,0,0,0,2.0,1.0,True,-0.05990897
1054,0,White,0,0,0,0,0,2.0,1.0,True,-0.05990897
6027,1,Non-White,0,0,0,0,0,2.0,1.0,True,-0.05990897
3742,0,Non-White,0,0,3,0,3,1.0,205.0,True,-0.06020269
2690,1,White,1,0,0,0,10,0.0,1.0,True,-0.060367107
1124,1,White,1,0,0,0,0,0.0,35.0,False,-0.060517862
4920,1,White,1,0,0,0,13,0.0,66.0,True,0.060527876
2810,1,White,0,0,0,0,0,2.0,0.0,True,-0.060663506
4733,0,White,1,0,0,1,2,1.0,1.0,False,-0.060676068
1697,1,Non-White,1,0,0,1,8,1.0,4.0,False,0.061691344
577,0,Non-White,0,0,0,1,2,0.0,80.0,True,0.0618058
1372,1,Non-White,1,0,0,0,8,1.0,1.0,False,0.06181915
1386,1,Non-White,1,0,0,0,8,1.0,1.0,False,0.06181915
2188,1,Non-White,1,0,0,0,8,1.0,1.0,False,0.06181915
3836,1,Non-White,1,0,0,0,8,1.0,1.0,False,0.06181915
3064,1,White,1,0,0,0,1,1.0,17.0,False,-0.062201038
4178,0,Non-White,1,0,0,0,1,1.0,17.0,False,-0.062201038
584,1,White,1,0,0,0,2,2.0,1.0,False,-0.06238179
2473,1,White,0,0,0,3,0,1.0,1.0,True,-0.06287399
465,1,Non-White,1,0,0,0,8,1.0,2.0,False,0.06296079
2048,1,Non-White,1,0,0,0,8,1.0,2.0,False,0.06296079
2539,1,Non-White,1,0,0,0,8,1.0,2.0,False,0.06296079
2795,1,White,1,0,0,2,2,1.0,1.0,False,-0.063007
602,0,Non-White,1,0,0,0,18,1.0,249.0,False,-0.06373914
1459,1,Non-White,0,0,0,0,0,3.0,1.0,True,-0.063941166
3250,1,Non-White,1,0,0,0,10,1.0,1.0,True,-0.06439048
1180,0,Non-White,1,0,2,1,19,1.0,5.0,False,-0.064906254
5880,1,Non-White,0,0,1,2,14,1.0,1.0,False,-0.065012455
1165,0,Non-White,0,0,3,0,3,0.0,0.0,False,-0.065263316
1945,0,Non-White,0,0,0,0,6,1.0,1.0,True,0.065587565
2006,1,White,1,0,0,0,0,0.0,28.0,False,-0.065727994
126,0,Non-White,1,0,0,0,7,1.0,26.0,False,0.06623852
3558,1,Non-White,0,0,0,1,6,0.0,0.0,True,0.06705551
2868,1,White,1,0,0,0,2,3.0,0.0,False,-0.0670975
5378,1,Non-White,0,0,0,5,0,1.0,1.0,True,-0.06746052
2972,1,White,1,0,0,0,7,23.0,1.0,False,-0.06782514
2686,1,Non-White,0,0,0,0,0,4.0,1.0,True,-0.06789537
5126,1,Non-White,0,0,0,0,0,4.0,1.0,True,-0.06789537
573,0,Non-White,0,0,0,1,3,0.0,323.0,False,-0.06795293
4452,1,Non-White,1,0,0,0,8,0.0,1.0,False,0.0680048
5906,0,Non-White,1,0,0,0,8,0.0,1.0,False,0.0680048
1356,0,Non-White,0,0,2,1,8,1.0,1.0,False,-0.06813721
2022,1,White,1,0,0,0,0,1.0,30.0,False,-0.068200976
3889,1,White,1,0,0,0,2,4.0,3.0,False,-0.068831384
706,0,Non-White,1,1,0,0,20,0.0,1.0,False,-0.06934124
4022,1,White,1,0,0,0,1,1.0,7.0,False,-0.0695436
3372,1,Non-White,1,0,0,0,0,1.0,28.0,False,-0.06964742
1660,1,White,1,0,0,0,0,1.0,28.0,False,-0.06964742
548,1,White,1,0,0,0,1,0.0,1.0,False,-0.06998573
867,1,Non-White,1,0,0,0,1,0.0,1.0,False,-0.06998573
743,1,White,1,0,0,0,0,0.0,22.0,False,-0.070089385
3284,1,Non-White,1,0,0,0,4,12.0,2.0,False,-0.07012905
4758,1,Non-White,0,0,0,0,6,1.0,5.0,True,0.070213675
1951,1,White,1,0,0,0,2,4.0,1.0,False,-0.0702731
3616,1,Non-White,1,0,0,0,1,0.0,0.0,False,-0.07070379
957,1,Non-White,1,0,0,0,1,0.0,0.0,False,-0.07070379
2966,1,White,1,0,0,0,1,0.0,0.0,False,-0.07070379
1968,1,Non-White,1,0,0,0,1,1.0,5.0,False,-0.07098012
5103,1,White,1,0,0,0,1,1.0,5.0,False,-0.07098012
3488,1,Non-White,1,0,0,0,1,1.0,5.0,False,-0.07098012
296,0,Non-White,0,0,0,1,6,0.0,4.0,True,0.07169731
435,1,Non-White,1,0,0,0,6,1.0,52.0,False,0.07186952
3132,1,White,1,0,0,0,1,1.0,3.0,False,-0.07240608
763,1,White,1,0,0,0,1,1.0,3.0,False,-0.07240608
1902,1,Non-White,1,0,0,0,2,5.0,3.0,False,-0.07269001
4016,1,White,1,0,0,1,1,0.0,0.0,False,-0.07292132
3253,1,Non-White,1,0,0,0,0,3.0,34.0,False,-0.07305576
352,1,Non-White,1,0,0,0,1,1.0,2.0,False,-0.07311526
613,1,Non-White,1,0,0,0,1,1.0,2.0,False,-0.07311526
1373,1,Non-White,1,0,0,0,1,1.0,2.0,False,-0.07311526
2853,1,Non-White,1,0,0,0,1,1.0,2.0,False,-0.07311526
946,1,White,1,0,0,0,1,1.0,2.0,False,-0.07311526
2238,1,Non-White,1,0,0,0,1,1.0,2.0,False,-0.07311526
2097,0,Non-White,1,0,0,0,1,1.0,2.0,False,-0.07311526
1656,1,White,1,0,0,0,9,0.0,4.0,True,-0.07361154
524,1,Non-White,1,0,0,0,9,0.0,4.0,True,-0.07361154
3228,0,Non-White,1,1,0,1,19,1.0,13.0,False,-0.07366234
6107,1,White,0,0,0,0,7,4.0,3.0,True,0.073699385
2109,0,Non-White,0,0,1,2,5,1.0,155.0,False,-0.07374186
1743,1,Non-White,1,0,0,0,1,1.0,1.0,False,-0.07382181
5469,0,Non-White,1,0,0,0,1,1.0,1.0,False,-0.07382181
3276,1,Non-White,1,0,0,0,1,1.0,1.0,False,-0.07382181
3003,1,White,1,0,0,0,1,1.0,1.0,False,-0.07382181
5070,1,Non-White,1,0,0,0,1,1.0,1.0,False,-0.07382181
1089,1,Non-White,1,0,0,0,1,1.0,1.0,False,-0.07382181
1814,1,White,1,0,0,0,1,1.0,1.0,False,-0.07382181
6057,1,Non-White,1,0,0,0,1,1.0,1.0,False,-0.07382181
1270,1,Non-White,1,0,0,0,1,1.0,1.0,False,-0.07382181
3232,1,Non-White,1,0,0,0,1,1.0,1.0,False,-0.07382181
119,1,White,1,0,0,0,1,1.0,1.0,False,-0.07382181
4839,1,Non-White,1,0,0,0,1,1.0,1.0,False,-0.07382181
6099,1,Non-White,1,0,0,0,1,1.0,1.0,False,-0.07382181
4913,1,White,1,0,0,0,1,1.0,1.0,False,-0.07382181
2008,1,Non-White,1,0,0,0,1,1.0,1.0,False,-0.07382181
1484,1,White,1,0,0,0,1,1.0,1.0,False,-0.07382181
3214,1,Non-White,1,0,0,0,1,1.0,1.0,False,-0.07382181
4567,1,Non-White,1,0,0,0,1,1.0,1.0,False,-0.07382181
3994,1,White,1,0,0,0,1,1.0,1.0,False,-0.07382181
1996,1,Non-White,1,0,0,0,1,1.0,1.0,False,-0.07382181
3145,1,White,1,0,0,0,1,1.0,1.0,False,-0.07382181
5783,1,Non-White,1,0,0,0,1,1.0,1.0,False,-0.07382181
5926,1,White,1,0,0,0,1,1.0,1.0,False,-0.07382181
2769,1,Non-White,1,0,0,0,1,1.0,1.0,False,-0.07382181
5797,1,Non-White,0,0,0,0,5,1.0,258.0,False,-0.07404671
5690,1,White,1,0,0,0,0,1.0,21.0,False,-0.07462673
4845,0,Non-White,0,0,0,0,14,1.0,64.0,False,-0.07497518
95,1,White,1,0,0,0,0,0.0,15.0,False,-0.07505742
582,1,Non-White,1,0,1,0,4,1.0,2.0,True,-0.07548034
596,1,White,1,0,0,0,9,0.0,385.0,False,-0.07551773
4312,1,White,0,0,0,0,0,6.0,1.0,True,-0.07557306
2651,1,White,0,0,0,0,4,25.0,4.0,False,0.07569976
2301,0,Non-White,1,0,0,0,9,0.0,1.0,True,-0.07571757
2687,1,Non-White,1,0,0,0,8,1.0,13.0,False,0.075723425
969,1,White,1,0,0,0,0,0.0,13.0,False,-0.0764533
6152,1,Non-White,0,0,0,0,1,14.0,9.0,False,0.076658234
1780,1,Non-White,1,0,0,0,4,0.0,93.0,False,0.07667783
1935,0,Non-White,0,0,1,0,1,0.0,1.0,True,0.07737702
159,1,Non-White,1,0,0,0,3,10.0,2.0,False,-0.07744339
4139,1,White,1,0,0,0,1,2.0,1.0,False,-0.07758199
3651,1,White,1,0,0,0,1,2.0,1.0,False,-0.07758199
2482,0,White,0,0,2,0,6,1.0,1.0,False,-0.07783591
2569,1,Non-White,1,0,0,0,1,0.0,167.0,True,-0.07790534
1461,1,Non-White,1,0,0,0,1,1.0,163.0,False,0.07807435
3975,0,Non-White,0,0,0,0,15,1.0,30.0,False,-0.078245714
407,1,White,1,0,0,0,1,2.0,0.0,False,-0.07827182
1193,1,Non-White,0,0,0,0,1,11.0,2.0,True,-0.07888709
319,0,Non-White,0,0,0,0,4,1.0,260.0,False,-0.07891185
4108,1,White,0,0,0,0,0,1.0,343.0,False,-0.07931951
3212,1,Non-White,1,0,0,0,9,1.0,1.0,True,-0.079440236
5114,1,Non-White,0,0,1,1,11,1.0,1.0,False,-0.07985969
2759,0,Non-White,0,0,1,0,4,1.0,144.0,False,-0.08035317
3967,1,Non-White,1,0,0,0,0,0.0,7.0,False,-0.08057931
4498,0,Non-White,1,1,1,1,13,1.0,2.0,False,-0.08066083
5163,0,Non-White,1,0,1,0,20,1.0,27.0,False,-0.08074841
275,1,Non-White,1,0,0,0,0,1.0,12.0,False,-0.08084157
5681,0,Non-White,0,0,1,0,10,1.0,15.0,False,-0.080910854
6043,1,Non-White,1,0,0,0,1,3.0,1.0,False,-0.0812673
5737,1,Non-White,1,0,0,0,1,3.0,1.0,False,-0.0812673
2116,1,White,0,0,0,0,2,18.0,15.0,True,-0.08131249
1,1,Non-White,1,0,0,0,0,1.0,10.0,False,-0.08219434
4430,0,Non-White,0,0,0,0,6,0.0,10.0,True,0.08245517
3391,1,White,1,0,0,0,6,23.0,1.0,False,-0.082616314
394,0,Non-White,0,1,0,0,6,1.0,26.0,False,-0.082901314
114,1,White,0,0,1,0,10,1.0,7.0,False,-0.08301607
594,0,Non-White,0,0,1,0,10,0.0,0.0,False,-0.08344387
312,1,White,1,0,0,0,0,1.0,8.0,False,-0.08353722
1819,0,Non-White,1,0,0,1,26,1.0,2.0,False,-0.08383127
2585,0,Non-White,0,1,0,0,7,1.0,1.0,False,-0.0839244
3886,1,Non-White,1,0,0,0,0,0.0,2.0,False,-0.083947346
2026,1,White,1,0,0,0,0,0.0,2.0,False,-0.083947346
142,1,White,1,0,0,0,0,0.0,2.0,False,-0.083947346
2546,1,White,1,0,0,0,0,1.0,7.0,False,-0.08420479
3085,1,White,1,0,0,0,1,4.0,2.0,False,-0.084214
169,1,White,1,0,0,0,1,4.0,2.0,False,-0.084214
2974,1,White,1,0,0,0,7,0.0,36.0,False,0.08432895
4471,1,Non-White,1,0,0,0,0,0.0,1.0,False,-0.08461341
864,1,Non-White,1,0,0,0,0,0.0,1.0,False,-0.08461341
1316,1,Non-White,1,0,0,0,0,0.0,1.0,False,-0.08461341
5643,1,White,1,0,0,0,0,0.0,1.0,False,-0.08461341
4164,1,Non-White,1,0,0,0,0,0.0,1.0,False,-0.08461341
1989,1,Non-White,1,0,0,0,0,0.0,1.0,False,-0.08461341
1658,1,Non-White,1,0,0,0,0,0.0,1.0,False,-0.08461341
3492,1,Non-White,1,0,0,0,0,0.0,1.0,False,-0.08461341
5886,1,White,1,0,0,0,0,0.0,1.0,False,-0.08461341
3786,1,White,1,0,0,0,0,1.0,6.0,False,-0.08486976
2788,1,Non-White,1,0,0,0,0,1.0,6.0,False,-0.08486976
4886,0,Non-White,1,1,0,0,17,0.0,2.0,False,-0.0852575
3429,1,White,1,0,0,0,0,0.0,0.0,False,-0.08527695
2703,1,Non-White,1,0,0,0,0,0.0,0.0,False,-0.08527695
684,1,Non-White,1,0,0,0,0,0.0,0.0,False,-0.08527695
2071,1,Non-White,1,0,0,0,0,0.0,0.0,False,-0.08527695
1485,1,Non-White,1,0,0,0,0,0.0,0.0,False,-0.08527695
6039,1,White,1,0,0,0,0,0.0,0.0,False,-0.08527695
3792,1,White,1,0,0,0,0,0.0,0.0,False,-0.08527695
3398,1,White,1,0,0,0,0,0.0,0.0,False,-0.08527695
1154,1,White,1,0,0,0,0,0.0,0.0,False,-0.08527695
6079,1,Non-White,1,0,0,0,31,22.0,0.0,False,-0.08550689
2312,1,White,1,0,0,0,0,1.0,5.0,False,-0.08553238
667,1,Non-White,1,0,0,0,0,1.0,5.0,False,-0.08553238
741,1,Non-White,1,0,0,0,0,1.0,5.0,False,-0.08553238
3750,1,White,1,0,0,0,0,1.0,5.0,False,-0.08553238
3581,1,White,1,0,0,0,5,20.0,1.0,False,-0.08593717
5026,1,Non-White,1,0,0,0,0,1.0,4.0,False,-0.08619239
2669,1,Non-White,1,0,0,0,0,1.0,4.0,False,-0.08619239
4494,1,White,1,0,0,0,0,1.0,4.0,False,-0.08619239
5704,0,Non-White,1,0,0,0,25,1.0,10.0,False,-0.086518034
3125,1,White,1,0,0,0,9,1.0,1.0,False,0.0866158
6105,0,Non-White,1,0,0,0,9,1.0,1.0,False,0.0866158
5386,1,Non-White,1,0,0,0,9,1.0,1.0,False,0.0866158
1717,1,Non-White,1,0,0,0,9,1.0,1.0,False,0.0866158
5218,1,White,1,0,0,0,0,1.0,3.0,False,-0.08684998
3149,1,White,1,0,0,0,0,1.0,3.0,False,-0.08684998
4589,1,Non-White,1,0,0,0,0,1.0,3.0,False,-0.08684998
617,1,Non-White,1,0,0,0,0,1.0,3.0,False,-0.08684998
3706,1,Non-White,1,0,0,0,0,1.0,3.0,False,-0.08684998
4884,1,White,1,0,0,0,0,1.0,3.0,False,-0.08684998
550,0,Non-White,1,0,0,0,0,1.0,2.0,False,-0.0875051
2830,1,White,1,0,0,0,0,1.0,2.0,False,-0.0875051
2377,0,Non-White,1,0,0,0,0,1.0,2.0,False,-0.0875051
1562,1,Non-White,1,0,0,0,0,1.0,2.0,False,-0.0875051
87,1,White,1,0,0,0,0,1.0,2.0,False,-0.0875051
5232,1,Non-White,1,0,0,0,0,1.0,2.0,False,-0.0875051
3902,1,Non-White,1,0,0,0,0,1.0,2.0,False,-0.0875051
4486,1,Non-White,1,0,0,0,0,1.0,2.0,False,-0.0875051
4943,1,White,1,0,0,0,0,1.0,2.0,False,-0.0875051
1730,1,Non-White,1,0,0,0,0,1.0,2.0,False,-0.0875051
229,1,Non-White,1,0,0,0,0,1.0,2.0,False,-0.0875051
1630,0,Non-White,0,0,0,0,1,1.0,290.0,False,-0.087772466
3528,1,Non-White,1,0,0,0,9,1.0,2.0,False,0.08782248
4898,1,Non-White,1,0,0,0,9,1.0,2.0,False,0.08782248
4212,1,Non-White,0,0,0,0,1,13.0,13.0,False,0.087865084
2346,1,Non-White,1,0,0,0,0,1.0,1.0,False,-0.088157564
4689,1,White,1,0,0,0,0,1.0,1.0,False,-0.088157564
899,1,White,1,0,0,0,0,1.0,1.0,False,-0.088157564
4424,1,Non-White,1,0,0,0,0,1.0,1.0,False,-0.088157564
3729,1,Non-White,1,0,0,0,0,1.0,1.0,False,-0.088157564
222,1,Non-White,1,0,0,0,0,1.0,1.0,False,-0.088157564
4021,1,Non-White,1,0,0,0,0,1.0,1.0,False,-0.088157564
5503,1,Non-White,1,0,0,0,0,1.0,1.0,False,-0.088157564
901,1,White,1,0,0,0,0,1.0,1.0,False,-0.088157564
2880,1,White,1,0,0,0,0,1.0,1.0,False,-0.088157564
1345,1,White,1,0,0,0,0,1.0,1.0,False,-0.088157564
227,1,Non-White,1,0,0,0,0,1.0,1.0,False,-0.088157564
6151,1,White,1,0,0,0,0,1.0,1.0,False,-0.088157564
3733,1,Non-White,1,0,0,0,0,1.0,1.0,False,-0.088157564
5481,1,White,1,0,0,0,0,1.0,1.0,False,-0.088157564
1863,1,White,1,0,0,0,0,1.0,1.0,False,-0.088157564
3817,1,Non-White,1,0,0,0,0,1.0,1.0,False,-0.088157564
5102,1,Non-White,1,0,0,0,0,1.0,1.0,False,-0.088157564
6094,1,White,1,0,0,0,0,1.0,1.0,False,-0.088157564
5487,1,Non-White,1,0,0,0,0,1.0,1.0,False,-0.088157564
5603,1,White,1,0,0,0,0,1.0,1.0,False,-0.088157564
5434,1,Non-White,1,0,0,0,0,1.0,1.0,False,-0.088157564
3554,1,White,1,0,0,0,0,1.0,1.0,False,-0.088157564
1184,1,Non-White,1,0,0,0,0,1.0,1.0,False,-0.088157564
5591,1,White,1,0,0,0,0,1.0,1.0,False,-0.088157564
914,1,Non-White,1,0,0,0,0,1.0,1.0,False,-0.088157564
4026,1,Non-White,1,0,0,0,0,1.0,1.0,False,-0.088157564
3674,1,White,1,0,0,0,0,1.0,1.0,False,-0.088157564
1990,1,Non-White,1,0,0,0,0,1.0,1.0,False,-0.088157564
1465,1,Non-White,1,0,0,0,0,1.0,1.0,False,-0.088157564
5182,1,Non-White,1,0,0,0,0,1.0,1.0,False,-0.088157564
4614,1,White,1,0,0,0,0,1.0,1.0,False,-0.088157564
4401,0,White,1,0,0,0,0,1.0,1.0,False,-0.088157564
4759,1,Non-White,1,0,0,0,0,1.0,1.0,False,-0.088157564
4969,1,Non-White,1,0,0,0,0,1.0,1.0,False,-0.088157564
5092,1,Non-White,1,0,0,0,0,1.0,1.0,False,-0.088157564
509,1,Non-White,1,0,0,0,0,1.0,1.0,False,-0.088157564
730,1,White,1,0,0,0,0,1.0,1.0,False,-0.088157564
5500,1,Non-White,1,0,0,0,0,1.0,1.0,False,-0.088157564
2053,1,Non-White,1,0,0,0,0,1.0,1.0,False,-0.088157564
4268,1,Non-White,1,0,0,0,0,1.0,1.0,False,-0.088157564
3839,0,White,1,0,0,0,0,1.0,1.0,False,-0.088157564
4798,1,Non-White,1,0,0,0,0,1.0,1.0,False,-0.088157564
4731,1,Non-White,1,0,0,0,0,1.0,1.0,False,-0.088157564
5267,1,Non-White,1,0,0,0,0,1.0,1.0,False,-0.088157564
2172,1,Non-White,1,0,0,0,0,1.0,1.0,False,-0.088157564
3683,1,Non-White,1,0,0,0,0,1.0,1.0,False,-0.088157564
4618,1,White,1,0,0,0,0,1.0,1.0,False,-0.088157564
1061,1,White,1,0,0,0,0,1.0,1.0,False,-0.088157564
2356,1,Non-White,1,0,0,0,0,1.0,1.0,False,-0.088157564
2900,1,Non-White,1,0,0,0,0,1.0,1.0,False,-0.088157564
719,1,White,1,0,0,0,0,1.0,1.0,False,-0.088157564
3019,1,Non-White,1,0,0,0,0,1.0,1.0,False,-0.088157564
5789,1,Non-White,1,0,0,0,0,1.0,1.0,False,-0.088157564
4642,1,Non-White,1,0,0,0,0,1.0,1.0,False,-0.088157564
6066,1,White,1,0,0,0,0,1.0,1.0,False,-0.088157564
1962,1,Non-White,1,0,0,0,0,1.0,1.0,False,-0.088157564
3993,1,Non-White,1,0,0,0,0,1.0,1.0,False,-0.088157564
771,1,Non-White,1,0,0,0,0,1.0,1.0,False,-0.088157564
5241,1,Non-White,1,0,0,0,0,1.0,1.0,False,-0.088157564
4277,1,Non-White,1,0,0,0,0,1.0,1.0,False,-0.088157564
3301,1,White,1,0,0,0,0,1.0,1.0,False,-0.088157564
3225,1,White,1,0,0,0,0,1.0,1.0,False,-0.088157564
1926,1,White,1,0,0,0,0,1.0,1.0,False,-0.088157564
3294,1,Non-White,1,0,0,0,0,1.0,1.0,False,-0.088157564
4889,1,White,1,0,0,0,0,1.0,1.0,False,-0.088157564
2418,0,Non-White,1,0,0,0,0,1.0,1.0,False,-0.088157564
5960,1,White,1,0,0,0,0,1.0,1.0,False,-0.088157564
2910,1,Non-White,1,0,0,0,0,1.0,1.0,False,-0.088157564
4391,1,White,1,0,0,0,0,2.0,6.0,False,-0.0884088
3874,1,Non-White,0,0,1,0,9,1.0,8.0,False,-0.088425174
597,1,White,1,0,0,0,1,6.0,6.0,False,-0.08866857
475,1,White,1,0,0,0,1,6.0,6.0,False,-0.08866857
448,1,Non-White,1,0,0,0,0,1.0,0.0,False,-0.08880766
5192,1,Non-White,1,0,0,0,25,1.0,1.0,False,-0.088959284
4868,0,Non-White,1,0,0,0,16,1.0,191.0,False,-0.08904009
5952,0,Non-White,0,0,0,0,5,0.0,37.0,True,0.089503005
2369,1,Non-White,1,0,0,1,0,1.0,2.0,False,-0.089527786
1832,1,Non-White,1,0,0,0,8,0.0,1.0,True,-0.08990849
1067,0,Non-White,0,0,0,0,4,27.0,27.0,False,0.09032272
2342,1,Non-White,0,0,1,0,9,1.0,1.0,False,-0.090338334
5197,0,White,1,0,1,0,15,0.0,91.0,False,-0.09049448
3290,0,Non-White,1,0,1,0,8,0.0,239.0,False,-0.09049671
5842,1,White,1,0,0,0,8,1.0,5.0,True,-0.09079963
4132,1,Non-White,1,0,0,0,8,1.0,5.0,True,-0.09079963
3199,1,Non-White,1,0,0,0,9,1.0,5.0,False,0.09146091
2491,0,Non-White,0,0,1,0,7,1.0,39.0,False,-0.09151817
2624,1,Non-White,1,0,0,0,0,2.0,1.0,False,-0.09162982
4303,1,White,1,0,0,0,0,2.0,1.0,False,-0.09162982
691,1,Non-White,0,0,0,0,14,1.0,1.0,False,-0.091638915
2780,1,Non-White,1,0,0,0,9,0.0,0.0,False,0.09193097
2675,1,White,1,0,0,0,9,0.0,0.0,False,0.09193097
5630,1,White,1,0,0,0,0,2.0,0.0,False,-0.09226663
4587,1,White,0,0,0,0,0,7.0,6.0,False,0.09293231
2054,1,Non-White,1,0,0,0,9,0.0,1.0,False,0.09315099
4850,0,Non-White,1,0,0,0,9,0.0,1.0,False,0.09315099
5059,0,Non-White,0,0,2,1,2,1.0,31.0,False,-0.09328588
4380,0,Non-White,0,0,1,1,8,1.0,14.0,False,-0.09344751
5788,1,White,1,0,0,1,0,2.0,1.0,False,-0.09360373
1487,1,Non-White,0,0,0,0,3,23.0,1.0,True,-0.094221815
944,1,Non-White,0,0,0,0,1,1.0,266.0,False,-0.09437785
757,1,Non-White,1,0,0,0,4,0.0,108.0,False,0.09471691
1674,1,White,1,0,0,0,2,11.0,2.0,False,-0.09490572
1641,1,Non-White,1,0,0,0,0,3.0,1.0,False,-0.09503105
872,1,Non-White,0,0,0,0,5,1.0,47.0,True,0.09512967
450,1,White,1,0,0,0,1,7.0,1.0,False,-0.095280826
2556,0,Non-White,1,0,0,0,7,1.0,19.0,True,-0.09531842
5932,0,White,0,0,2,1,3,1.0,1.0,False,-0.0957568
99,0,Non-White,1,0,1,0,10,0.0,176.0,False,-0.09624996
4285,1,Non-White,1,0,0,0,9,1.0,9.0,False,0.096354574
961,1,White,1,0,0,0,6,0.0,33.0,True,-0.09641158
2233,1,Non-White,0,0,1,1,8,1.0,1.0,False,-0.09708401
3103,0,Non-White,1,0,0,0,22,1.0,35.0,False,-0.097122364
5919,0,Non-White,0,0,0,0,13,1.0,2.0,False,-0.09725676
3854,1,Non-White,1,0,0,0,2,14.0,14.0,False,-0.09748555
5739,1,White,0,0,0,0,4,1.0,190.0,False,-0.09790406
5520,1,Non-White,1,0,0,0,0,4.0,1.0,False,-0.09836246
3805,1,Non-White,1,0,0,0,12,1.0,242.0,False,-0.09837468
4934,1,White,0,0,0,0,1,11.0,11.0,False,0.0985813
852,1,Non-White,1,0,0,0,1,9.0,5.0,False,-0.0994517
549,1,White,1,0,0,0,2,13.0,5.0,False,-0.099694446
1135,0,Non-White,0,0,0,2,1,8.0,2.0,False,0.099735826
2996,1,Non-White,0,0,0,0,0,5.0,1.0,False,0.10003036
4220,0,Non-White,0,0,0,1,1,10.0,10.0,False,0.10015699
2683,1,Non-White,1,0,0,0,2,15.0,15.0,False,-0.10016233
2779,1,Non-White,1,0,0,0,10,3.0,2.0,False,0.100517675
4534,1,White,1,0,0,0,2,14.0,8.0,False,-0.10113592
4373,0,White,0,0,0,0,6,1.0,31.0,True,0.10147856
4853,1,White,1,0,0,0,4,1.0,119.0,False,0.10164428
3097,1,White,1,0,0,0,3,1.0,93.0,True,-0.10178319
1129,1,Non-White,0,0,0,0,6,1.0,134.0,False,-0.10179493
1737,0,Non-White,1,0,0,0,2,1.0,162.0,False,0.10252966
6040,1,Non-White,1,0,0,0,7,1.0,57.0,False,0.103426576
1078,1,Non-White,1,0,0,0,1,1.0,184.0,False,0.10359594
4887,1,Non-White,1,0,0,0,4,26.0,26.0,False,-0.10372559
2412,1,White,0,0,0,2,0,3.0,0.0,False,0.1044431
4700,0,Non-White,0,0,0,1,4,1.0,170.0,False,-0.1044846
3203,1,Non-White,1,0,0,0,21,1.0,30.0,False,-0.10455877
4932,0,Non-White,1,0,0,0,7,1.0,58.0,False,0.10467473
3627,1,White,1,0,0,0,0,6.0,1.0,False,-0.10481932
4500,1,Non-White,1,0,0,0,7,1.0,1.0,True,-0.10616442
5294,1,White,1,0,0,0,7,1.0,1.0,True,-0.10616442
1979,1,White,0,0,0,0,0,4.0,1.0,False,0.10674429
1834,1,White,0,0,0,0,0,4.0,1.0,False,0.10674429
1949,1,Non-White,1,0,0,0,22,1.0,1.0,False,-0.10681861
6091,1,Non-White,0,0,0,0,2,1.0,200.0,False,-0.10712467
5884,1,White,1,0,0,0,1,11.0,2.0,False,-0.107601665
2796,0,Non-White,0,0,0,0,8,0.0,65.0,False,-0.10791828
232,1,Non-White,0,0,0,0,11,0.0,1.0,False,-0.108082324
587,1,Non-White,1,0,0,0,20,0.0,33.0,False,-0.108233295
5298,1,Non-White,0,0,0,0,11,1.0,5.0,False,-0.10848278
2424,1,Non-White,1,0,0,0,8,1.0,40.0,False,0.10861856
5546,1,Non-White,1,0,0,0,8,1.0,40.0,False,0.10861856
2360,1,White,1,0,0,0,3,19.0,1.0,False,-0.10863452
4751,1,Non-White,1,0,0,0,3,1.0,81.0,True,-0.10880192
5473,1,Non-White,0,0,0,0,11,1.0,2.0,False,-0.10935039
4645,1,Non-White,0,0,0,0,11,1.0,2.0,False,-0.10935039
1961,1,Non-White,0,0,0,0,2,29.0,29.0,True,-0.10944704
316,1,Non-White,1,0,0,0,1,12.0,4.0,False,-0.10953878
1871,1,Non-White,1,0,0,0,1,14.0,14.0,False,-0.109976746
3547,1,Non-White,0,0,0,0,0,4.0,4.0,False,0.11052166
2269,1,Non-White,1,0,0,0,6,1.0,84.0,False,0.11077848
3042,0,Non-White,1,1,0,0,21,1.0,6.0,True,-0.1117162
5607,1,Non-White,0,0,0,0,0,3.0,0.0,False,0.11227587
6111,1,Non-White,1,0,0,0,1,1.0,117.0,True,-0.112349115
2502,0,Non-White,1,0,0,0,19,0.0,39.0,False,-0.11262121
2329,1,White,1,0,0,0,10,1.0,1.0,False,0.11277452
5577,1,Non-White,1,0,0,0,10,1.0,1.0,False,0.11277452
3746,0,White,1,0,0,0,10,1.0,1.0,False,0.11277452
3173,1,Non-White,1,0,0,0,10,1.0,1.0,False,0.11277452
913,1,Non-White,1,0,0,0,10,1.0,1.0,False,0.11277452
5253,1,Non-White,1,0,0,0,21,1.0,1.0,False,-0.11294015
2247,1,White,0,0,0,0,0,3.0,1.0,False,0.11354497
2596,1,Non-White,0,0,0,0,0,3.0,1.0,False,0.11354497
6090,1,Non-White,0,0,0,0,0,3.0,1.0,False,0.11354497
2384,1,Non-White,0,0,0,0,0,3.0,1.0,False,0.11354497
3966,1,White,0,0,0,0,0,3.0,1.0,False,0.11354497
2861,1,Non-White,1,0,0,0,6,1.0,8.0,True,-0.11416441
1892,0,Non-White,0,0,0,3,9,1.0,214.0,True,-0.114244044
826,1,Non-White,1,0,0,0,6,0.0,2.0,True,-0.11450169
5629,1,White,0,0,0,0,0,3.0,2.0,False,0.11481722
1100,1,White,0,0,0,0,0,3.0,2.0,False,0.11481722
3671,1,White,1,0,0,0,1,14.0,5.0,False,-0.11498525
1833,1,Non-White,1,0,0,0,3,21.0,0.0,False,-0.115211196
2672,1,White,1,0,0,0,6,0.0,0.0,True,-0.115594305
3552,1,Non-White,1,0,0,0,3,23.0,10.0,False,-0.11563173
2318,1,Non-White,1,0,0,0,5,29.0,0.0,False,-0.11564661
5913,1,Non-White,0,0,0,0,10,1.0,1.0,False,-0.1157801
2294,1,Non-White,0,0,0,0,1,22.0,1.0,True,-0.11580752
5980,0,Non-White,0,0,0,1,10,1.0,4.0,False,-0.11581272
410,1,Non-White,0,0,0,0,2,26.0,1.0,True,-0.1160245
2905,0,White,0,0,0,0,8,0.0,37.0,False,-0.11604267
2671,0,Non-White,0,0,1,0,3,2.0,1.0,True,0.11612241
3136,1,White,1,0,0,0,2,21.0,19.0,False,-0.11637593
4739,0,Non-White,0,0,0,0,18,0.0,1.0,True,-0.1165667
4662,1,Non-White,0,0,0,0,8,1.0,1.0,True,0.11696595
721,1,White,0,0,0,0,4,0.0,293.0,True,-0.11773618
1837,1,White,1,0,0,0,6,1.0,1.0,True,-0.11795986
1122,1,White,0,0,0,1,1,22.0,0.0,True,-0.11802313
1216,1,Non-White,0,0,0,0,8,0.0,29.0,False,-0.11837218
5022,1,Non-White,0,0,0,0,1,23.0,1.0,True,-0.11870207
555,0,Non-White,1,0,0,0,20,1.0,2.0,False,-0.118802205
3626,1,White,1,0,0,0,13,13.0,7.0,False,0.11890027
5661,1,Non-White,0,0,0,0,2,27.0,1.0,True,-0.118914515
233,0,Non-White,0,0,1,1,3,1.0,1.0,True,0.11903305
4797,1,White,1,0,0,0,10,1.0,6.0,False,0.11915606
4314,1,White,1,0,0,0,2,1.0,83.0,True,-0.119329914
5065,1,Non-White,0,0,0,2,0,1.0,1.0,False,0.11935432
2315,1,Non-White,0,0,0,2,0,1.0,1.0,False,0.11935432
677,1,White,0,0,0,2,0,1.0,1.0,False,0.11935432
4383,0,Non-White,0,0,0,2,0,1.0,1.0,False,0.11935432
5401,0,Non-White,0,0,0,0,2,10.0,1.0,False,0.11940399
3075,1,Non-White,1,0,0,0,0,1.0,218.0,False,0.11987515
3640,1,Non-White,0,0,0,1,8,0.0,1.0,True,0.11988108
244,1,Non-White,1,0,0,0,3,23.0,2.0,False,-0.119914174
3338,1,Non-White,0,0,0,0,1,6.0,1.0,False,0.11991763
4403,1,Non-White,1,0,0,0,2,1.0,176.0,False,0.12024553
4816,1,White,0,0,0,1,5,22.0,6.0,False,0.12028897
3876,1,Non-White,0,0,0,0,0,2.0,1.0,False,0.120431736
5097,1,Non-White,0,0,0,0,0,2.0,1.0,False,0.120431736
5545,1,Non-White,0,0,0,0,0,2.0,1.0,False,0.120431736
5616,1,White,0,0,0,0,0,2.0,1.0,False,0.120431736
3176,1,White,1,0,0,0,10,0.0,2.0,False,0.12093793
1460,1,Non-White,0,0,0,1,9,0.0,2.0,False,-0.12098392
1382,1,White,1,0,0,0,7,6.0,1.0,True,-0.12101717
3828,1,Non-White,1,0,0,0,13,1.0,142.0,False,-0.121134326
2876,1,Non-White,0,0,0,1,9,0.0,1.0,False,-0.12127507
1533,0,Non-White,0,0,0,0,9,1.0,3.0,False,-0.12135482
80,0,White,0,0,0,0,9,1.0,1.0,False,-0.12193701
1445,1,White,1,0,0,0,4,30.0,14.0,False,-0.12229294
1287,1,Non-White,0,0,0,1,0,1.0,1.0,False,0.123364836
543,1,Non-White,0,0,0,1,0,1.0,1.0,False,0.123364836
1882,1,Non-White,0,0,0,1,0,1.0,1.0,False,0.123364836
5976,1,Non-White,0,0,0,1,0,1.0,1.0,False,0.123364836
689,1,Non-White,0,0,0,1,0,1.0,1.0,False,0.123364836
1991,1,Non-White,1,0,0,0,17,1.0,47.0,False,-0.12416713
2046,1,Non-White,1,0,0,0,16,1.0,68.0,False,-0.124208994
5263,1,Non-White,1,0,0,0,10,1.0,10.0,False,0.12431413
2320,0,Non-White,0,0,0,1,0,1.0,2.0,False,0.12465957
5025,1,White,0,0,1,1,3,0.0,0.0,True,0.1246901
2396,0,White,0,0,0,0,0,1.0,0.0,False,0.1261028
451,1,White,0,0,0,0,0,1.0,0.0,False,0.1261028
3418,1,White,0,0,0,0,0,1.0,0.0,False,0.1261028
144,1,Non-White,0,0,0,0,0,1.0,0.0,False,0.1261028
5007,1,Non-White,1,0,0,0,5,1.0,6.0,True,-0.12631497
3448,1,White,1,0,0,0,5,1.0,6.0,True,-0.12631497
608,0,Non-White,0,0,0,0,1,6.0,6.0,False,0.12638128
3673,1,White,1,0,0,0,4,1.0,27.0,True,-0.1263871
3472,1,Non-White,1,0,0,0,15,1.0,81.0,False,-0.12657379
189,1,Non-White,1,0,0,0,5,0.0,0.0,True,-0.1266221
1565,0,Non-White,1,0,0,0,5,0.0,0.0,True,-0.1266221
4833,0,Non-White,0,0,0,1,6,0.0,46.0,False,-0.1266328
1203,1,Non-White,0,0,0,0,1,13.0,44.0,False,0.12676926
5371,1,Non-White,0,0,0,2,0,1.0,7.0,False,0.12711191
1328,1,Non-White,1,0,0,1,10,0.0,10.0,False,0.1272673
3001,1,Non-White,0,0,0,0,0,1.0,1.0,False,0.12740374
3811,1,Non-White,0,0,0,0,0,1.0,1.0,False,0.12740374
2859,1,White,0,0,0,0,0,1.0,1.0,False,0.12740374
5959,1,Non-White,0,0,0,0,0,1.0,1.0,False,0.12740374
5198,1,Non-White,0,0,0,0,0,1.0,1.0,False,0.12740374
2801,1,Non-White,0,0,0,0,0,1.0,1.0,False,0.12740374
1286,1,White,0,0,0,0,0,1.0,1.0,False,0.12740374
1337,1,Non-White,0,0,0,0,0,1.0,1.0,False,0.12740374
4419,1,Non-White,0,0,0,0,0,1.0,1.0,False,0.12740374
3404,1,Non-White,0,0,0,0,0,1.0,1.0,False,0.12740374
2180,1,White,0,0,0,0,0,1.0,1.0,False,0.12740374
165,1,Non-White,0,0,0,0,0,1.0,1.0,False,0.12740374
3582,1,Non-White,0,0,0,0,0,1.0,1.0,False,0.12740374
2970,1,Non-White,0,0,0,0,0,1.0,1.0,False,0.12740374
2260,0,Non-White,0,0,0,0,0,1.0,1.0,False,0.12740374
4281,1,White,0,0,0,0,0,1.0,1.0,False,0.12740374
977,1,Non-White,0,0,0,0,0,1.0,1.0,False,0.12740374
564,1,Non-White,0,0,0,0,0,1.0,1.0,False,0.12740374
774,1,White,0,0,0,0,0,1.0,1.0,False,0.12740374
5196,1,White,0,0,0,0,0,1.0,1.0,False,0.12740374
805,1,White,0,0,0,0,0,1.0,1.0,False,0.12740374
4413,1,White,0,0,0,0,0,1.0,1.0,False,0.12740374
2212,1,Non-White,0,0,0,0,0,1.0,1.0,False,0.12740374
5143,1,Non-White,0,0,0,0,0,1.0,1.0,False,0.12740374
3401,1,White,0,0,0,0,0,1.0,1.0,False,0.12740374
4104,1,White,0,0,0,0,0,1.0,1.0,False,0.12740374
1355,1,Non-White,0,0,0,0,0,1.0,1.0,False,0.12740374
3636,1,White,0,0,0,0,0,1.0,1.0,False,0.12740374
265,0,Non-White,0,0,0,0,0,1.0,1.0,False,0.12740374
3479,1,Non-White,0,0,0,0,0,1.0,1.0,False,0.12740374
1057,1,Non-White,0,0,0,0,0,1.0,1.0,False,0.12740374
6166,0,Non-White,0,0,0,0,0,1.0,1.0,False,0.12740374
2842,1,Non-White,0,0,0,0,0,1.0,1.0,False,0.12740374
2488,1,Non-White,0,0,0,0,0,1.0,1.0,False,0.12740374
4101,1,Non-White,0,0,0,0,0,1.0,1.0,False,0.12740374
4175,1,Non-White,0,0,0,0,0,1.0,1.0,False,0.12740374
5807,1,White,0,0,0,0,0,1.0,1.0,False,0.12740374
4722,1,Non-White,0,0,0,0,0,1.0,1.0,False,0.12740374
6028,1,White,0,0,0,0,0,1.0,1.0,False,0.12740374
4440,1,Non-White,0,0,0,0,0,1.0,1.0,False,0.12740374
4118,1,White,0,0,0,0,0,1.0,1.0,False,0.12740374
1274,1,White,0,0,0,0,0,1.0,1.0,False,0.12740374
2499,1,White,0,0,0,0,0,1.0,1.0,False,0.12740374
5127,0,Non-White,0,0,0,0,0,1.0,1.0,False,0.12740374
971,1,Non-White,0,0,0,0,0,1.0,1.0,False,0.12740374
2195,1,Non-White,0,0,0,0,0,1.0,1.0,False,0.12740374
2122,1,White,0,0,0,0,0,1.0,1.0,False,0.12740374
3635,1,Non-White,0,0,0,0,0,1.0,1.0,False,0.12740374
5758,0,Non-White,0,0,0,0,0,1.0,1.0,False,0.12740374
3556,1,Non-White,0,0,0,0,0,1.0,1.0,False,0.12740374
2429,1,White,0,0,0,0,0,1.0,1.0,False,0.12740374
3670,1,Non-White,0,0,0,0,0,1.0,1.0,False,0.12740374
5719,1,Non-White,0,0,0,0,0,1.0,1.0,False,0.12740374
2764,1,Non-White,0,0,0,0,0,1.0,1.0,False,0.12740374
610,1,White,0,0,0,0,0,1.0,1.0,False,0.12740374
279,0,Non-White,0,0,0,0,0,1.0,1.0,False,0.12740374
1852,1,Non-White,0,0,0,0,0,1.0,1.0,False,0.12740374
5729,0,White,0,0,0,0,0,1.0,1.0,False,0.12740374
1393,1,Non-White,0,0,0,0,0,1.0,1.0,False,0.12740374
1514,1,Non-White,0,0,0,0,0,1.0,1.0,False,0.12740374
832,1,Non-White,0,0,0,0,0,1.0,1.0,False,0.12740374
5596,1,Non-White,1,0,0,0,2,26.0,24.0,False,-0.12772918
4050,1,White,1,0,0,0,3,0.0,40.0,True,-0.12775965
4469,1,White,1,0,0,0,5,1.0,3.0,True,-0.12780803
5404,1,White,0,0,0,4,1,24.0,1.0,True,-0.12784874
386,1,Non-White,1,0,0,0,5,1.0,119.0,False,0.12857874
4692,1,Non-White,0,0,0,0,0,1.0,2.0,False,0.1287075
2332,1,Non-White,0,0,0,0,0,1.0,2.0,False,0.1287075
4333,1,Non-White,0,0,0,0,0,1.0,2.0,False,0.1287075
3949,1,Non-White,0,0,0,0,0,1.0,2.0,False,0.1287075
6168,1,Non-White,0,0,0,0,0,1.0,2.0,False,0.1287075
1376,1,Non-White,0,0,0,0,0,1.0,2.0,False,0.1287075
3650,1,White,0,0,0,0,0,1.0,2.0,False,0.1287075
4143,0,Non-White,0,0,0,0,0,1.0,2.0,False,0.1287075
4061,1,White,0,0,0,0,0,1.0,2.0,False,0.1287075
5426,0,Non-White,0,0,0,0,0,1.0,2.0,False,0.1287075
2132,1,White,0,0,0,0,0,1.0,2.0,False,0.1287075
231,1,White,0,0,0,0,0,1.0,2.0,False,0.1287075
3110,1,Non-White,0,0,0,0,0,1.0,2.0,False,0.1287075
5498,1,White,0,0,0,0,0,1.0,2.0,False,0.1287075
5278,1,Non-White,0,0,0,0,0,1.0,2.0,False,0.1287075
4127,1,Non-White,0,0,0,0,0,1.0,2.0,False,0.1287075
4783,1,White,0,0,0,0,0,1.0,2.0,False,0.1287075
5445,1,Non-White,0,0,0,0,0,1.0,2.0,False,0.1287075
1668,1,Non-White,1,0,0,0,5,1.0,1.0,True,-0.1287933
245,1,White,1,0,0,0,5,1.0,1.0,True,-0.1287933
4936,1,White,1,0,0,0,5,1.0,1.0,True,-0.1287933
1992,1,Non-White,0,0,0,1,8,1.0,1.0,False,-0.12897798
2189,1,Non-White,0,0,0,1,0,0.0,0.0,False,0.1290651
4075,1,Non-White,1,0,0,0,19,1.0,1.0,True,0.12959218
2791,0,Non-White,1,0,0,0,19,4.0,1.0,False,-0.12992585
5205,1,Non-White,0,0,0,0,0,1.0,3.0,False,0.13001414
1924,1,White,0,0,0,0,0,1.0,3.0,False,0.13001414
3123,1,White,0,0,0,0,1,27.0,0.0,True,-0.1301552
1985,1,Non-White,1,0,0,0,7,1.0,78.0,False,0.13026193
839,0,Non-White,0,0,0,1,0,0.0,1.0,False,0.13037254
505,1,White,0,0,0,1,0,0.0,1.0,False,0.13037254
4365,1,Non-White,0,0,0,1,0,0.0,1.0,False,0.13037254
6076,1,Non-White,1,0,0,0,4,1.0,17.0,True,-0.13129036
4756,1,Non-White,0,0,0,0,0,1.0,4.0,False,0.13132372
1921,1,Non-White,0,0,0,0,0,1.0,4.0,False,0.13132372
3753,1,Non-White,0,0,0,0,0,1.0,4.0,False,0.13132372
1767,1,White,0,0,0,0,0,1.0,4.0,False,0.13132372
982,1,Non-White,0,0,0,0,0,1.0,4.0,False,0.13132372
5464,1,Non-White,0,0,0,0,0,1.0,4.0,False,0.13132372
226,1,Non-White,0,0,0,1,0,0.0,2.0,False,0.131683
2333,1,White,0,0,0,0,0,1.0,5.0,False,0.1326362
5887,0,Non-White,0,0,0,0,0,1.0,5.0,False,0.1326362
5613,1,Non-White,0,0,0,0,0,0.0,0.0,False,0.13314351
39,1,Non-White,0,0,0,0,0,0.0,0.0,False,0.13314351
1831,1,Non-White,0,0,0,0,0,0.0,0.0,False,0.13314351
3227,1,Non-White,0,0,0,0,0,0.0,0.0,False,0.13314351
934,0,Non-White,0,0,0,0,0,0.0,0.0,False,0.13314351
1032,1,Non-White,0,0,0,0,0,0.0,0.0,False,0.13314351
128,1,Non-White,0,0,0,0,0,0.0,0.0,False,0.13314351
5139,1,Non-White,0,0,0,0,0,0.0,0.0,False,0.13314351
4451,1,Non-White,0,0,0,0,0,0.0,0.0,False,0.13314351
4510,0,White,0,0,0,0,0,0.0,0.0,False,0.13314351
5301,1,Non-White,0,0,0,0,0,0.0,0.0,False,0.13314351
3509,1,Non-White,0,0,0,0,0,0.0,0.0,False,0.13314351
453,1,White,0,0,0,0,0,0.0,0.0,False,0.13314351
3162,1,Non-White,0,0,0,0,0,0.0,0.0,False,0.13314351
3901,1,Non-White,0,0,0,0,0,0.0,0.0,False,0.13314351
2940,0,White,0,0,0,0,0,0.0,0.0,False,0.13314351
2923,1,Non-White,0,0,0,0,0,0.0,0.0,False,0.13314351
6035,1,Non-White,0,0,0,0,0,0.0,0.0,False,0.13314351
43,1,Non-White,0,0,0,0,0,0.0,0.0,False,0.13314351
3208,1,Non-White,0,0,0,0,0,0.0,0.0,False,0.13314351
442,1,Non-White,0,0,0,0,0,0.0,0.0,False,0.13314351
4575,1,White,0,0,0,0,0,0.0,0.0,False,0.13314351
1339,1,Non-White,0,0,0,0,0,0.0,0.0,False,0.13314351
2944,0,White,0,0,0,0,0,0.0,0.0,False,0.13314351
710,0,Non-White,1,1,0,0,9,1.0,39.0,True,0.13354693
709,1,Non-White,0,0,0,1,1,28.0,1.0,True,-0.13373607
278,1,White,0,0,0,0,1,4.0,1.0,False,0.13393341
31,1,White,1,0,0,0,4,1.0,11.0,True,-0.13413692
5305,1,White,0,0,0,0,0,0.0,1.0,False,0.13445999
5599,0,Non-White,0,0,0,0,0,0.0,1.0,False,0.13445999
1535,1,White,0,0,0,0,0,0.0,1.0,False,0.13445999
3948,1,Non-White,0,0,0,0,0,0.0,1.0,False,0.13445999
353,1,Non-White,0,0,0,0,0,0.0,1.0,False,0.13445999
3947,0,White,0,0,0,0,0,0.0,1.0,False,0.13445999
5437,1,Non-White,0,0,0,0,0,0.0,1.0,False,0.13445999
1576,0,Non-White,0,0,0,0,0,0.0,1.0,False,0.13445999
3180,1,Non-White,0,0,0,0,0,0.0,1.0,False,0.13445999
5567,1,White,0,0,0,0,0,0.0,1.0,False,0.13445999
1007,1,White,0,0,0,0,0,0.0,1.0,False,0.13445999
2700,1,White,1,0,0,0,3,0.0,25.0,True,-0.13495767
2194,1,Non-White,0,0,0,2,0,1.0,13.0,False,0.13497409
2532,1,Non-White,0,0,0,0,0,1.0,7.0,False,0.13526976
979,0,Non-White,0,0,0,0,0,0.0,2.0,False,0.13577935
6113,1,Non-White,1,0,0,1,11,1.0,1.0,False,0.13613261
2156,1,Non-White,1,0,0,0,4,0.0,1.0,True,-0.13627824
1360,1,White,0,0,0,0,0,1.0,8.0,False,0.1365909
2017,1,Non-White,1,0,0,0,4,0.0,0.0,True,-0.13673691
2366,1,Non-White,1,0,0,0,2,1.0,47.0,True,-0.13704507
3349,1,Non-White,0,0,0,0,0,0.0,3.0,False,0.13710158
6080,1,Non-White,0,0,0,0,0,0.0,3.0,False,0.13710158
432,1,Non-White,0,0,0,0,7,1.0,38.0,True,0.13760735
2214,1,White,1,0,0,0,1,22.0,2.0,False,-0.13795821
53,1,White,1,0,0,0,4,1.0,2.0,True,-0.13827613
2750,0,Non-White,0,0,0,1,0,0.0,7.0,False,0.13827805
3031,1,White,1,0,0,0,9,24.0,20.0,True,-0.13834691
4880,1,Non-White,0,0,0,0,0,0.0,4.0,False,0.13842659
809,1,Non-White,1,0,0,0,7,0.0,79.0,False,0.1386779
2390,1,Non-White,1,0,0,0,4,1.0,1.0,True,-0.13872641
3350,1,Non-White,1,0,0,0,4,1.0,1.0,True,-0.13872641
1663,1,Non-White,1,0,0,0,4,1.0,1.0,True,-0.13872641
714,1,White,1,0,0,0,4,1.0,0.0,True,-0.13917503
4295,1,Non-White,0,0,0,0,0,1.0,10.0,False,0.13924174
1162,1,Non-White,0,0,0,0,0,0.0,5.0,False,0.1397545
3424,0,Non-White,1,0,0,0,11,1.0,1.0,False,0.14025909
2893,0,Non-White,1,0,0,0,11,1.0,1.0,False,0.14025909
3397,1,Non-White,1,0,0,0,11,1.0,1.0,False,0.14025909
2521,1,White,1,0,0,0,2,1.0,39.0,True,-0.14063656
1497,1,White,1,0,0,0,2,27.0,1.0,False,-0.1409868
5380,1,Non-White,1,0,0,0,2,0.0,31.0,True,-0.14178444
4267,1,Non-White,1,0,0,1,11,0.0,0.0,False,0.14195634
1215,1,Non-White,1,0,0,0,2,1.0,35.0,True,-0.14238775
3795,1,Non-White,1,0,0,0,2,0.0,29.0,True,-0.14265406
5991,1,Non-White,1,0,0,1,11,0.0,1.0,False,0.14329176
593,1,Non-White,0,0,0,0,10,6.0,6.0,True,0.14360057
199,1,White,0,0,0,0,1,3.0,3.0,False,0.14373694
6096,1,White,0,0,0,0,1,3.0,3.0,False,0.14373694
2101,1,Non-White,1,0,0,0,3,0.0,2.0,True,-0.14515872
6093,1,Non-White,1,0,0,0,3,1.0,6.0,True,-0.1457425
5226,1,Non-White,1,0,0,0,3,0.0,0.0,True,-0.14600003
3916,1,Non-White,1,0,0,0,4,5.0,5.0,True,-0.14632858
1043,1,Non-White,1,0,0,0,2,1.0,24.0,True,-0.14705417
3665,1,Non-White,0,0,0,2,1,1.0,1.0,False,0.14715455
2655,1,White,0,0,0,2,1,1.0,1.0,False,0.14715455
4416,1,Non-White,1,0,0,0,3,1.0,2.0,True,-0.14740825
585,1,Non-White,1,0,0,0,3,1.0,2.0,True,-0.14740825
1913,1,Non-White,1,0,0,0,3,1.0,2.0,True,-0.14740825
6149,1,Non-White,1,0,0,0,3,1.0,2.0,True,-0.14740825
2272,1,Non-White,1,0,0,0,3,1.0,1.0,True,-0.14782038
2570,1,Non-White,1,0,0,0,3,1.0,1.0,True,-0.14782038
2965,1,White,1,0,0,0,3,1.0,1.0,True,-0.14782038
473,1,Non-White,1,0,0,0,3,1.0,1.0,True,-0.14782038
3428,1,Non-White,1,0,0,0,3,1.0,1.0,True,-0.14782038
5047,0,White,1,0,0,0,9,1.0,49.0,False,0.14790486
2123,1,White,0,0,0,0,1,2.0,1.0,False,0.14828283
5314,1,White,1,0,0,0,1,1.0,40.0,True,-0.14916284
106,0,White,1,0,0,0,3,2.0,1.0,True,-0.15000984
5350,0,Non-White,1,0,0,0,23,0.0,0.0,True,-0.15020655
380,0,Non-White,0,0,0,1,0,1.0,22.0,False,0.15115884
1758,1,White,0,0,0,0,0,1.0,19.0,False,0.15131056
1582,1,Non-White,0,0,0,1,1,1.0,1.0,False,0.15135391
5726,1,Non-White,0,0,0,1,1,1.0,1.0,False,0.15135391
54,1,Non-White,0,0,0,1,1,1.0,1.0,False,0.15135391
3566,1,White,0,0,0,1,1,1.0,1.0,False,0.15135391
5801,1,White,0,0,0,0,0,0.0,14.0,False,0.15183322
2134,1,White,0,0,0,0,9,0.0,1.0,True,0.15190896
4971,1,Non-White,1,0,0,2,9,28.0,15.0,True,-0.15215304
3679,1,Non-White,0,0,0,0,0,1.0,20.0,False,0.15266557
1062,1,White,0,0,0,0,9,1.0,7.0,True,0.15274148
4464,1,White,0,0,0,0,0,0.0,15.0,False,0.15318929
5124,1,Non-White,0,0,0,0,0,0.0,15.0,False,0.15318929
4274,1,White,1,0,0,0,2,1.0,7.0,True,-0.1538508
1342,1,Non-White,1,0,1,0,6,0.0,1.0,False,0.15385625
2281,1,Non-White,1,0,0,0,2,0.0,1.0,True,-0.15408713
1333,1,Non-White,1,0,0,0,2,0.0,1.0,True,-0.15408713
1326,1,Non-White,1,0,0,0,3,4.0,1.0,True,-0.15424068
5069,1,Non-White,1,0,0,0,3,4.0,1.0,True,-0.15424068
877,1,Non-White,1,0,0,0,2,0.0,0.0,True,-0.15447071
434,1,Non-White,1,0,0,0,2,0.0,0.0,True,-0.15447071
915,1,White,1,0,0,0,2,0.0,0.0,True,-0.15447071
671,1,White,1,0,0,0,2,0.0,0.0,True,-0.15447071
2330,1,White,1,0,0,0,2,0.0,0.0,True,-0.15447071
2756,1,Non-White,1,0,0,0,2,0.0,0.0,True,-0.15447071
4693,1,Non-White,0,1,0,0,1,1.0,1.0,True,0.15451176
5781,1,White,1,0,0,0,0,0.0,42.0,True,-0.15458092
2093,1,Non-White,0,0,0,0,1,1.0,1.0,False,0.15558012
4492,1,Non-White,0,0,0,0,1,1.0,1.0,False,0.15558012
5764,1,Non-White,0,0,0,0,1,1.0,1.0,False,0.15558012
1651,1,White,0,0,0,0,1,1.0,1.0,False,0.15558012
1093,1,Non-White,0,0,0,0,1,1.0,1.0,False,0.15558012
1881,1,Non-White,0,0,0,0,1,1.0,1.0,False,0.15558012
2510,1,Non-White,0,0,0,0,1,1.0,1.0,False,0.15558012
4919,1,White,0,0,0,0,1,1.0,1.0,False,0.15558012
5382,1,White,0,0,0,0,1,1.0,1.0,False,0.15558012
6124,1,Non-White,0,0,0,0,1,1.0,1.0,False,0.15558012
4651,1,Non-White,0,0,0,0,1,1.0,1.0,False,0.15558012
1575,0,White,0,0,0,0,1,1.0,1.0,False,0.15558012
4248,1,Non-White,0,0,0,0,1,1.0,1.0,False,0.15558012
1523,1,Non-White,0,0,0,0,1,1.0,1.0,False,0.15558012
2924,1,White,0,0,0,0,1,1.0,1.0,False,0.15558012
134,1,Non-White,0,0,0,0,1,1.0,1.0,False,0.15558012
3647,1,Non-White,0,0,0,0,1,1.0,1.0,False,0.15558012
5525,1,White,0,0,0,0,1,1.0,1.0,False,0.15558012
5586,1,White,0,0,0,0,1,1.0,1.0,False,0.15558012
551,1,Non-White,0,0,0,0,1,1.0,1.0,False,0.15558012
414,1,Non-White,0,0,0,0,1,1.0,1.0,False,0.15558012
4225,1,Non-White,0,0,0,0,1,1.0,1.0,False,0.15558012
282,1,Non-White,0,0,0,0,1,1.0,1.0,False,0.15558012
2737,1,Non-White,0,0,0,0,1,1.0,1.0,False,0.15558012
2206,1,Non-White,0,0,0,0,1,1.0,1.0,False,0.15558012
2039,1,Non-White,0,0,0,0,1,1.0,1.0,False,0.15558012
86,1,Non-White,0,0,0,0,1,1.0,1.0,False,0.15558012
3869,1,Non-White,0,0,0,0,1,1.0,1.0,False,0.15558012
535,1,White,0,0,0,0,1,1.0,1.0,False,0.15558012
4128,1,White,0,0,0,0,1,1.0,1.0,False,0.15558012
5015,1,Non-White,0,0,0,0,1,1.0,1.0,False,0.15558012
1943,1,Non-White,0,0,0,0,1,1.0,1.0,False,0.15558012
2444,0,Non-White,0,0,0,0,1,1.0,1.0,False,0.15558012
5651,1,Non-White,0,0,0,0,1,1.0,1.0,False,0.15558012
2235,1,Non-White,0,0,0,0,1,1.0,1.0,False,0.15558012
5064,1,Non-White,1,0,0,0,2,1.0,2.0,True,-0.15575752
3584,1,Non-White,1,0,0,0,2,1.0,2.0,True,-0.15575752
891,1,Non-White,1,0,0,0,2,1.0,2.0,True,-0.15575752
264,1,Non-White,0,0,0,0,0,0.0,17.0,False,0.15590979
1262,1,Non-White,1,0,0,0,2,1.0,1.0,True,-0.15613413
3152,1,Non-White,1,0,0,0,2,1.0,1.0,True,-0.15613413
5270,1,White,1,0,0,0,2,1.0,1.0,True,-0.15613413
4520,1,Non-White,1,0,0,0,2,1.0,1.0,True,-0.15613413
2855,1,Non-White,1,0,0,0,2,1.0,1.0,True,-0.15613413
2504,1,Non-White,1,0,0,0,2,1.0,1.0,True,-0.15613413
3535,1,White,1,0,0,0,2,1.0,1.0,True,-0.15613413
3482,1,Non-White,1,0,0,0,2,1.0,1.0,True,-0.15613413
1391,1,White,1,0,0,0,2,1.0,1.0,True,-0.15613413
3807,1,White,1,0,0,0,2,1.0,1.0,True,-0.15613413
1786,1,White,1,0,0,0,2,1.0,1.0,True,-0.15613413
92,1,White,1,0,0,0,1,30.0,1.0,False,-0.1561702
5283,1,Non-White,1,0,0,0,1,1.0,22.0,True,-0.15618812
2600,1,Non-White,1,0,0,0,5,13.0,2.0,True,-0.1562089
1742,1,White,1,0,0,1,2,1.0,3.0,True,-0.15655091
776,1,Non-White,0,0,0,0,1,1.0,2.0,False,0.15694386
2033,1,Non-White,0,0,0,0,1,1.0,2.0,False,0.15694386
4952,1,Non-White,0,0,0,0,1,1.0,2.0,False,0.15694386
5359,1,Non-White,0,0,0,0,1,1.0,2.0,False,0.15694386
68,1,Non-White,0,0,0,0,1,1.0,2.0,False,0.15694386
5671,0,Non-White,0,0,0,0,1,1.0,2.0,False,0.15694386
4871,1,Non-White,0,0,0,0,1,1.0,2.0,False,0.15694386
3035,0,Non-White,0,0,0,0,1,1.0,2.0,False,0.15694386
2099,1,Non-White,0,0,0,0,1,1.0,2.0,False,0.15694386
1418,1,White,1,0,0,0,1,1.0,19.0,True,-0.15730721
3740,0,Non-White,0,0,0,1,1,0.0,0.0,False,0.15731786
516,1,White,1,0,0,0,2,2.0,1.0,True,-0.15813395
3327,1,White,0,0,0,0,1,1.0,3.0,False,0.15831034
18,0,Non-White,0,0,0,0,1,1.0,3.0,False,0.15831034
6084,1,Non-White,0,0,0,1,1,0.0,1.0,False,0.15868504
4716,1,Non-White,0,0,0,0,0,1.0,25.0,False,0.15948218
4576,1,Non-White,0,0,0,1,1,1.0,7.0,False,0.15952593
1952,0,Non-White,0,0,0,0,1,1.0,4.0,False,0.15967958
1934,1,Non-White,0,0,0,0,1,1.0,4.0,False,0.15967958
5450,0,Non-White,0,0,0,0,1,1.0,4.0,False,0.15967958
5183,1,Non-White,0,0,0,0,1,1.0,4.0,False,0.15967958
5443,1,Non-White,0,0,0,0,1,1.0,4.0,False,0.15967958
1179,0,Non-White,0,1,0,0,1,1.0,5.0,True,0.15997463
3348,1,White,1,0,0,0,1,0.0,6.0,True,-0.16008306
6146,1,Non-White,1,0,0,0,9,1.0,58.0,False,0.16013658
2133,1,White,1,0,0,0,1,1.0,11.0,True,-0.16022143
722,1,White,1,0,0,0,1,1.0,10.0,True,-0.16057846
6056,0,White,0,0,0,0,3,7.0,172.0,True,0.16068372
3254,0,White,1,0,0,0,0,1.0,30.0,True,-0.16098538
3078,1,White,1,0,0,0,0,1.0,30.0,True,-0.16098538
2402,1,White,0,0,0,0,1,1.0,5.0,False,0.16105147
5728,0,Non-White,0,0,0,0,1,1.0,5.0,False,0.16105147
1027,1,Non-White,1,0,0,0,1,1.0,8.0,True,-0.16128844
1930,1,Non-White,1,0,0,0,12,2.0,1.0,False,0.16157278
5549,1,Non-White,0,0,0,0,1,0.0,0.0,False,0.16158174
4579,0,Non-White,0,0,0,0,1,0.0,0.0,False,0.16158174
5794,1,Non-White,0,0,0,0,1,0.0,0.0,False,0.16158174
3280,1,Non-White,0,0,0,0,1,0.0,0.0,False,0.16158174
4120,1,Non-White,0,0,0,0,1,0.0,0.0,False,0.16158174
5076,1,Non-White,0,0,0,0,1,0.0,0.0,False,0.16158174
478,1,Non-White,0,0,0,0,1,0.0,0.0,False,0.16158174
3896,1,White,1,0,0,0,1,0.0,1.0,True,-0.1618567
6038,1,White,1,0,0,0,1,0.0,1.0,True,-0.1618567
3377,1,Non-White,1,0,0,0,1,0.0,1.0,True,-0.1618567
3502,1,White,1,0,0,0,1,0.0,1.0,True,-0.1618567
5476,1,Non-White,1,0,0,0,1,0.0,1.0,True,-0.1618567
2936,1,Non-White,1,0,0,0,0,0.0,22.0,True,-0.16190726
4270,1,Non-White,1,0,0,0,1,0.0,0.0,True,-0.16220693
795,1,White,1,0,0,0,1,0.0,0.0,True,-0.16220693
5313,1,Non-White,1,0,0,0,1,0.0,0.0,True,-0.16220693
2264,1,Non-White,1,0,0,0,1,0.0,0.0,True,-0.16220693
2094,1,Non-White,1,0,0,0,1,0.0,0.0,True,-0.16220693
1536,1,White,1,0,0,0,1,0.0,0.0,True,-0.16220693
4529,1,Non-White,1,0,0,0,1,0.0,0.0,True,-0.16220693
463,1,Non-White,1,0,0,0,1,0.0,0.0,True,-0.16220693
62,1,Non-White,1,0,0,0,1,1.0,5.0,True,-0.1623417
3882,1,Non-White,1,0,0,0,1,1.0,5.0,True,-0.1623417
5344,1,Non-White,1,0,0,0,2,4.0,0.0,True,-0.1623465
1040,1,Non-White,0,0,0,0,1,1.0,6.0,False,0.16242617
6007,1,White,0,0,0,0,1,1.0,6.0,False,0.16242617
2867,1,Non-White,1,0,0,0,1,1.0,4.0,True,-0.16268969
21,1,Non-White,0,0,0,0,1,0.0,1.0,False,0.16295749
4177,1,Non-White,0,0,0,0,1,0.0,1.0,False,0.16295749
4686,0,Non-White,0,0,0,0,1,0.0,1.0,False,0.16295749
3129,1,Non-White,0,0,0,0,1,0.0,1.0,False,0.16295749
2419,1,Non-White,0,0,0,0,1,0.0,1.0,False,0.16295749
3102,1,Non-White,1,0,0,0,11,1.0,18.0,False,0.16328181
1425,1,Non-White,1,0,0,0,1,1.0,2.0,True,-0.1633812
4558,1,Non-White,1,0,0,0,1,1.0,2.0,True,-0.1633812
4813,1,Non-White,1,0,0,0,1,1.0,2.0,True,-0.1633812
2463,1,Non-White,1,0,0,0,1,1.0,2.0,True,-0.1633812
3523,1,Non-White,1,0,0,0,1,1.0,2.0,True,-0.1633812
1268,0,Non-White,1,1,0,1,12,1.0,1.0,True,0.16362242
4304,1,White,1,0,0,0,1,1.0,1.0,True,-0.16372487
185,1,Non-White,1,0,0,0,1,1.0,1.0,True,-0.16372487
5158,1,Non-White,1,0,0,0,1,1.0,1.0,True,-0.16372487
679,1,Non-White,1,0,0,0,1,1.0,1.0,True,-0.16372487
2702,1,White,1,0,0,0,1,1.0,1.0,True,-0.16372487
2831,1,White,1,0,0,0,1,1.0,1.0,True,-0.16372487
4974,1,Non-White,1,0,0,0,1,1.0,1.0,True,-0.16372487
1937,1,White,1,0,0,0,1,1.0,1.0,True,-0.16372487
6095,1,Non-White,1,0,0,0,1,1.0,1.0,True,-0.16372487
2827,1,Non-White,1,0,0,0,1,1.0,1.0,True,-0.16372487
2091,1,White,1,0,0,0,1,1.0,1.0,True,-0.16372487
6018,1,Non-White,1,0,0,0,1,1.0,1.0,True,-0.16372487
102,1,Non-White,1,0,0,0,1,1.0,1.0,True,-0.16372487
3421,1,Non-White,1,0,0,0,1,1.0,1.0,True,-0.16372487
5909,1,White,1,0,0,0,1,1.0,1.0,True,-0.16372487
1069,1,White,1,0,0,0,1,1.0,1.0,True,-0.16372487
1946,1,Non-White,1,0,0,0,1,1.0,1.0,True,-0.16372487
5695,0,Non-White,1,0,0,0,1,1.0,1.0,True,-0.16372487
314,1,White,1,0,0,0,1,1.0,1.0,True,-0.16372487
4363,1,Non-White,1,0,0,0,1,1.0,1.0,True,-0.16372487
6041,1,White,1,0,0,0,1,1.0,1.0,True,-0.16372487
2852,1,Non-White,1,0,0,0,1,1.0,1.0,True,-0.16372487
399,0,Non-White,0,0,0,0,1,0.0,2.0,False,0.16433601
3516,1,White,1,0,0,0,0,1.0,19.0,True,-0.16479509
4445,1,White,0,0,0,0,0,1.0,29.0,False,0.16498482
1679,1,Non-White,0,0,0,0,0,1.0,29.0,False,0.16498482
3143,1,White,1,0,0,0,0,1.0,18.0,True,-0.16513252
1684,1,Non-White,0,0,0,0,1,1.0,8.0,False,0.16518371
4147,1,Non-White,1,0,0,0,1,2.0,2.0,True,-0.16521394
1904,1,White,1,0,0,0,1,2.0,1.0,True,-0.16554953
4929,1,Non-White,1,0,0,0,1,2.0,1.0,True,-0.16554953
2912,1,White,1,0,0,0,10,1.0,41.0,False,0.16584347
4620,1,Non-White,1,0,0,0,0,0.0,9.0,True,-0.16633965
3486,1,White,1,0,0,0,5,18.0,0.0,True,-0.16641475
4457,1,Non-White,1,0,0,0,1,3.0,2.0,True,-0.16700397
5453,1,White,1,0,0,0,0,0.0,6.0,True,-0.16732717
5193,1,Non-White,1,0,0,0,0,1.0,11.0,True,-0.16745321
1196,1,Non-White,1,0,0,0,0,0.0,5.0,True,-0.1676534
3941,1,White,1,0,0,0,1,3.0,0.0,True,-0.16765797
3321,1,White,0,0,0,0,1,1.0,10.0,False,0.16795208
3297,1,White,1,0,0,0,0,0.0,4.0,True,-0.16797829
59,1,Non-White,1,0,0,0,0,0.0,3.0,True,-0.1683018
1261,1,White,1,0,0,0,0,0.0,3.0,True,-0.1683018
3034,1,White,1,0,0,0,1,4.0,3.0,True,-0.16843073
1384,1,White,1,0,0,0,0,0.0,2.0,True,-0.1686238
4885,1,White,1,0,0,0,4,1.0,170.0,False,0.16880314
3187,1,White,1,0,0,0,0,0.0,1.0,True,-0.16894454
1210,1,Non-White,1,0,0,0,0,0.0,1.0,True,-0.16894454
2840,1,White,1,0,0,0,0,0.0,1.0,True,-0.16894454
5851,1,Non-White,1,0,0,0,0,0.0,1.0,True,-0.16894454
919,1,Non-White,1,0,0,0,0,0.0,1.0,True,-0.16894454
3757,1,Non-White,1,0,0,0,0,0.0,1.0,True,-0.16894454
3550,1,Non-White,1,0,0,0,0,0.0,1.0,True,-0.16894454
863,1,Non-White,1,0,0,0,0,0.0,1.0,True,-0.16894454
4122,1,Non-White,1,0,0,0,0,0.0,1.0,True,-0.16894454
3860,1,Non-White,1,0,0,0,0,0.0,1.0,True,-0.16894454
4638,1,White,1,0,0,0,0,0.0,1.0,True,-0.16894454
2635,0,Non-White,1,0,0,0,12,1.0,1.0,False,0.16901435
882,0,Non-White,1,0,0,0,1,4.0,1.0,True,-0.16907218
5902,1,Non-White,1,0,0,0,1,4.0,1.0,True,-0.16907218
4622,1,Non-White,0,0,0,0,0,1.0,32.0,False,0.16914017
64,1,White,0,0,0,1,1,1.0,14.0,False,0.16918465
3610,1,Non-White,1,0,0,0,0,0.0,0.0,True,-0.16926363
927,1,Non-White,1,0,0,0,0,0.0,0.0,True,-0.16926363
1854,1,White,1,0,0,0,0,0.0,0.0,True,-0.16926363
5775,1,Non-White,1,0,0,0,0,0.0,0.0,True,-0.16926363
4343,1,Non-White,1,0,0,0,0,0.0,0.0,True,-0.16926363
3270,1,White,1,0,0,0,0,0.0,0.0,True,-0.16926363
4546,1,White,1,0,0,0,0,0.0,0.0,True,-0.16926363
967,1,White,1,0,0,0,0,0.0,0.0,True,-0.16926363
3935,1,Non-White,1,0,0,0,0,0.0,0.0,True,-0.16926363
2112,1,White,1,0,0,0,0,0.0,0.0,True,-0.16926363
568,1,Non-White,1,0,0,0,0,0.0,0.0,True,-0.16926363
3080,1,Non-White,1,0,0,0,0,0.0,0.0,True,-0.16926363
83,1,White,1,0,0,0,0,0.0,0.0,True,-0.16926363
5810,1,White,1,0,0,0,0,0.0,0.0,True,-0.16926363
521,1,White,1,0,0,0,0,0.0,0.0,True,-0.16926363
2215,1,White,1,0,0,0,0,0.0,0.0,True,-0.16926363
3189,1,Non-White,1,0,0,0,0,0.0,0.0,True,-0.16926363
4051,1,White,1,0,0,0,0,0.0,0.0,True,-0.16926363
5983,1,White,1,0,0,0,0,0.0,0.0,True,-0.16926363
2470,1,White,1,0,0,0,0,0.0,0.0,True,-0.16926363
3420,1,Non-White,1,0,0,0,0,0.0,0.0,True,-0.16926363
4873,1,Non-White,1,0,0,0,0,0.0,0.0,True,-0.16926363
1891,1,White,1,0,0,0,0,0.0,0.0,True,-0.16926363
1634,1,Non-White,1,0,0,0,0,0.0,0.0,True,-0.16926363
5482,1,White,1,0,0,0,0,0.0,0.0,True,-0.16926363
2084,1,Non-White,1,0,0,0,0,0.0,0.0,True,-0.16926363
1443,1,Non-White,1,0,0,0,0,0.0,0.0,True,-0.16926363
4594,1,White,1,0,0,0,0,0.0,0.0,True,-0.16926363
5008,1,White,1,0,0,0,0,0.0,0.0,True,-0.16926363
923,1,White,1,0,0,0,6,29.0,28.0,True,-0.16968569
3884,1,Non-White,1,0,0,0,0,1.0,4.0,True,-0.16970386
2146,1,White,1,0,0,0,0,1.0,4.0,True,-0.16970386
2763,1,White,1,0,0,0,1,5.0,4.0,True,-0.16983022
201,1,White,0,0,0,0,1,0.0,6.0,False,0.16987678
5491,1,White,1,0,0,0,0,1.0,3.0,True,-0.17001969
3546,1,Non-White,1,0,0,0,0,1.0,3.0,True,-0.17001969
1534,1,Non-White,1,0,0,0,0,1.0,3.0,True,-0.17001969
611,1,White,1,0,0,0,0,1.0,3.0,True,-0.17001969
5118,1,Non-White,1,0,0,0,0,1.0,3.0,True,-0.17001969
1705,1,White,1,0,0,0,0,1.0,3.0,True,-0.17001969
6119,1,Non-White,1,0,0,0,0,1.0,3.0,True,-0.17001969
2931,1,White,1,0,0,0,0,1.0,2.0,True,-0.17033419
3770,1,Non-White,1,0,0,0,0,1.0,2.0,True,-0.17033419
3510,1,Non-White,1,0,0,0,0,1.0,2.0,True,-0.17033419
2980,1,Non-White,1,0,0,0,0,1.0,2.0,True,-0.17033419
1948,1,White,1,0,0,0,0,1.0,2.0,True,-0.17033419
191,1,Non-White,1,0,0,0,0,1.0,2.0,True,-0.17033419
1847,1,White,1,0,0,0,0,1.0,2.0,True,-0.17033419
1070,1,White,1,0,0,0,0,1.0,2.0,True,-0.17033419
603,1,Non-White,1,0,0,0,0,1.0,2.0,True,-0.17033419
3892,1,White,1,0,0,0,0,1.0,1.0,True,-0.17064738
292,1,Non-White,1,0,0,0,0,1.0,1.0,True,-0.17064738
3666,1,Non-White,1,0,0,0,0,1.0,1.0,True,-0.17064738
4106,1,Non-White,1,0,0,0,0,1.0,1.0,True,-0.17064738
1265,1,White,1,0,0,0,0,1.0,1.0,True,-0.17064738
4917,1,Non-White,1,0,0,0,0,1.0,1.0,True,-0.17064738
2537,1,Non-White,1,0,0,0,0,1.0,1.0,True,-0.17064738
4586,1,White,1,0,0,0,0,1.0,1.0,True,-0.17064738
883,1,Non-White,1,0,0,0,0,1.0,1.0,True,-0.17064738
1366,1,Non-White,1,0,0,0,0,1.0,1.0,True,-0.17064738
1048,1,Non-White,1,0,0,0,0,1.0,1.0,True,-0.17064738
280,1,White,1,0,0,0,0,1.0,1.0,True,-0.17064738
6148,1,White,1,0,0,0,0,1.0,1.0,True,-0.17064738
1284,1,White,1,0,0,0,0,1.0,1.0,True,-0.17064738
5568,1,Non-White,1,0,0,0,0,1.0,1.0,True,-0.17064738
4461,1,Non-White,1,0,0,0,0,1.0,1.0,True,-0.17064738
1096,1,Non-White,1,0,0,0,0,1.0,1.0,True,-0.17064738
3454,1,Non-White,1,0,0,0,0,1.0,1.0,True,-0.17064738
2717,1,White,1,0,0,0,0,1.0,1.0,True,-0.17064738
498,1,Non-White,1,0,0,0,0,1.0,1.0,True,-0.17064738
5825,1,White,1,0,0,0,0,1.0,1.0,True,-0.17064738
3363,1,Non-White,1,0,0,0,0,1.0,1.0,True,-0.17064738
5881,1,Non-White,1,0,0,0,0,1.0,1.0,True,-0.17064738
3790,1,White,1,0,0,0,0,1.0,1.0,True,-0.17064738
294,1,White,1,0,0,0,0,1.0,1.0,True,-0.17064738
4280,1,Non-White,1,0,0,0,0,1.0,1.0,True,-0.17064738
4812,1,White,1,0,0,0,0,1.0,1.0,True,-0.17064738
2563,1,Non-White,1,0,0,0,0,1.0,1.0,True,-0.17064738
1331,1,White,1,0,0,0,0,1.0,1.0,True,-0.17064738
952,1,White,1,0,0,0,0,1.0,1.0,True,-0.17064738
889,1,White,1,0,0,0,0,1.0,1.0,True,-0.17064738
6092,1,Non-White,1,0,0,0,0,1.0,1.0,True,-0.17064738
2593,1,Non-White,1,0,0,0,0,1.0,1.0,True,-0.17064738
2065,1,White,1,0,0,0,0,1.0,1.0,True,-0.17064738
4269,1,White,1,0,0,0,0,1.0,1.0,True,-0.17064738
3988,1,White,1,0,0,0,0,1.0,1.0,True,-0.17064738
1306,1,White,1,0,0,0,0,1.0,1.0,True,-0.17064738
1732,1,Non-White,1,0,0,0,0,1.0,1.0,True,-0.17064738
1022,1,Non-White,1,0,0,0,0,1.0,1.0,True,-0.17064738
1588,1,White,1,0,0,0,0,1.0,1.0,True,-0.17064738
4437,1,White,1,0,0,0,0,1.0,1.0,True,-0.17064738
6025,1,White,1,0,0,0,0,1.0,1.0,True,-0.17064738
5572,1,White,1,0,0,0,0,1.0,1.0,True,-0.17064738
697,1,Non-White,1,0,0,0,0,1.0,1.0,True,-0.17064738
2279,1,White,1,0,0,0,0,1.0,1.0,True,-0.17064738
2162,1,White,1,0,0,0,0,1.0,1.0,True,-0.17064738
1870,1,Non-White,1,0,0,0,0,1.0,1.0,True,-0.17064738
5782,1,Non-White,1,0,0,0,0,1.0,1.0,True,-0.17064738
2113,1,White,1,0,0,0,0,1.0,1.0,True,-0.17064738
3071,1,Non-White,1,0,0,0,0,1.0,1.0,True,-0.17064738
675,1,Non-White,1,0,0,0,0,1.0,1.0,True,-0.17064738
760,1,Non-White,1,0,0,0,0,1.0,1.0,True,-0.17064738
5030,1,White,1,0,0,0,0,1.0,1.0,True,-0.17064738
5005,1,White,1,0,0,0,0,1.0,1.0,True,-0.17064738
3224,1,White,1,0,0,0,0,1.0,1.0,True,-0.17064738
4667,1,White,1,0,0,0,0,1.0,1.0,True,-0.17064738
5150,1,Non-White,1,0,0,0,0,1.0,1.0,True,-0.17064738
2210,1,White,1,0,0,0,0,1.0,1.0,True,-0.17064738
1675,1,White,1,0,0,0,0,1.0,1.0,True,-0.17064738
4935,1,White,1,0,0,0,0,1.0,0.0,True,-0.17095913
659,1,White,1,0,0,0,0,1.0,0.0,True,-0.17095913
3691,1,White,1,0,0,0,0,1.0,0.0,True,-0.17095913
4634,1,Non-White,1,0,0,0,0,1.0,0.0,True,-0.17095913
3943,1,White,0,0,0,0,2,3.0,2.0,False,0.17124948
4977,1,White,1,0,0,0,12,1.0,3.0,False,0.17179748
4744,0,White,1,0,0,0,12,1.0,3.0,False,0.17179748
4205,0,Non-White,0,0,0,0,0,1.0,34.0,False,0.17192386
5969,0,Non-White,1,0,0,0,6,1.0,130.0,False,0.17198713
5648,1,White,1,0,0,0,0,2.0,1.0,True,-0.17231025
1635,1,Non-White,1,0,0,0,0,2.0,1.0,True,-0.17231025
2344,1,Non-White,1,0,0,0,0,2.0,1.0,True,-0.17231025
84,1,Non-White,1,0,0,0,0,2.0,1.0,True,-0.17231025
341,1,White,1,0,0,0,0,2.0,1.0,True,-0.17231025
2921,1,White,1,0,0,0,0,2.0,1.0,True,-0.17231025
176,0,Non-White,0,0,0,0,0,0.0,29.0,False,0.17246231
5101,1,White,1,0,0,0,2,12.0,12.0,True,-0.17248435
3370,1,White,1,0,0,0,3,16.0,12.0,True,-0.17260584
4459,1,White,1,0,0,0,4,18.0,1.0,True,-0.17279628
1058,1,Non-White,0,0,0,0,0,1.0,35.0,False,0.17331968
4332,1,Non-White,1,0,0,0,0,3.0,1.0,True,-0.17393391
3392,1,White,1,0,0,0,0,3.0,1.0,True,-0.17393391
3215,1,White,1,0,0,0,0,3.0,1.0,True,-0.17393391
5398,1,Non-White,1,0,0,0,0,3.0,1.0,True,-0.17393391
1645,1,White,1,0,0,0,0,3.0,1.0,True,-0.17393391
3774,1,Non-White,1,0,0,0,0,3.0,1.0,True,-0.17393391
5899,1,White,1,0,0,0,0,3.0,1.0,True,-0.17393391
5455,1,White,1,0,0,0,0,3.0,1.0,True,-0.17393391
2782,1,White,0,0,0,0,1,0.0,9.0,False,0.17406054
2157,1,Non-White,0,0,0,0,1,1.0,15.0,False,0.17491983
3560,0,Non-White,1,0,0,0,12,0.0,0.0,False,0.1751318
2582,1,White,1,0,0,0,0,4.0,1.0,True,-0.17551936
5877,1,White,1,0,0,0,0,4.0,1.0,True,-0.17551936
471,1,White,1,0,0,0,1,9.0,6.0,True,-0.17574745
1012,1,Non-White,1,0,0,0,0,4.0,0.0,True,-0.17580959
4561,1,White,0,0,0,0,0,1.0,37.0,False,0.17611931
4966,1,Non-White,0,0,0,2,2,1.0,1.0,False,0.17620896
1738,0,Non-White,0,0,0,0,1,1.0,16.0,False,0.17632134
4423,1,Non-White,0,0,0,0,2,2.0,1.0,False,0.17738546
2474,1,Non-White,1,0,0,0,1,11.0,11.0,True,-0.17739913
4600,1,White,1,0,0,0,3,1.0,198.0,False,0.17838529
4256,1,Non-White,1,0,0,0,2,17.0,17.0,True,-0.17884332
6136,1,White,1,0,0,0,0,7.0,3.0,True,-0.17951019
3235,1,Non-White,1,2,0,0,4,1.0,2.0,True,0.17953204
6014,1,White,1,0,0,0,4,27.0,26.0,True,-0.17954907
3464,1,Non-White,1,0,0,0,1,12.0,8.0,True,-0.17972429
2379,1,Non-White,0,0,1,0,5,1.0,1.0,True,0.18023355
5100,1,White,1,0,0,0,2,15.0,1.0,True,-0.18026985
3090,0,White,0,0,0,2,2,0.0,0.0,False,0.18238598
3430,1,Non-White,0,0,0,0,10,0.0,2.0,True,0.18257831
1811,1,Non-White,1,0,0,0,4,26.0,8.0,True,-0.18289582
5280,1,Non-White,1,0,0,0,3,21.0,2.0,True,-0.182951
5992,1,Non-White,0,0,0,0,1,1.0,21.0,False,0.18336813
605,1,White,0,0,0,0,1,0.0,16.0,False,0.1839147
1800,1,White,0,0,0,0,2,1.0,1.0,False,0.18498954
4830,1,Non-White,0,0,0,0,2,1.0,1.0,False,0.18498954
5300,1,Non-White,0,0,0,0,2,1.0,1.0,False,0.18498954
5751,1,Non-White,0,0,0,0,2,1.0,1.0,False,0.18498954
4765,1,Non-White,0,0,0,0,2,1.0,1.0,False,0.18498954
3595,1,Non-White,0,0,0,0,2,1.0,1.0,False,0.18498954
3934,1,White,0,0,0,0,2,1.0,1.0,False,0.18498954
5655,1,Non-White,0,0,0,0,2,1.0,1.0,False,0.18498954
5175,1,White,0,0,0,0,2,1.0,1.0,False,0.18498954
976,1,Non-White,0,0,0,0,2,1.0,1.0,False,0.18498954
1731,1,Non-White,0,0,0,0,2,1.0,1.0,False,0.18498954
4695,1,Non-White,0,0,0,0,2,1.0,1.0,False,0.18498954
2715,1,Non-White,0,0,0,0,2,1.0,1.0,False,0.18498954
127,0,Non-White,0,0,0,0,2,1.0,1.0,False,0.18498954
1846,1,White,0,0,0,0,2,1.0,1.0,False,0.18498954
5131,1,White,0,0,0,0,5,16.0,19.0,False,0.18590204
4536,1,White,0,0,0,0,2,1.0,2.0,False,0.18640968
47,1,Non-White,0,0,0,0,2,1.0,2.0,False,0.18640968
1604,1,Non-White,0,0,0,0,2,1.0,2.0,False,0.18640968
2252,1,Non-White,0,0,0,0,2,1.0,2.0,False,0.18640968
5921,1,Non-White,0,0,0,0,2,1.0,2.0,False,0.18640968
3831,1,White,0,0,0,0,2,1.0,2.0,False,0.18640968
221,1,Non-White,0,0,0,0,2,1.0,2.0,False,0.18640968
3800,1,White,1,0,0,0,1,17.0,4.0,True,-0.18758145
188,1,Non-White,0,0,0,0,2,1.0,3.0,False,0.18783227
5924,1,Non-White,1,0,0,0,11,1.0,36.0,False,0.18851227
3150,1,White,1,0,0,0,3,25.0,0.0,True,-0.18870516
3518,1,Non-White,1,0,0,0,3,28.0,15.0,True,-0.18897262
1667,1,Non-White,1,0,0,0,8,1.0,100.0,False,0.18932223
1997,1,Non-White,0,0,0,1,2,0.0,2.0,False,0.18964832
4947,1,Non-White,0,0,0,1,2,1.0,8.0,False,0.19052511
348,1,White,1,0,0,0,2,23.0,1.0,True,-0.19083025
2973,1,Non-White,1,0,0,0,3,27.0,1.0,True,-0.19091892
2321,1,Non-White,1,0,0,0,1,21.0,10.0,True,-0.19113392
3311,1,Non-White,0,0,0,0,2,0.0,0.0,False,0.19123696
2535,1,Non-White,0,0,0,0,2,0.0,0.0,False,0.19123696
425,1,White,0,0,0,0,2,0.0,0.0,False,0.19123696
3880,0,Non-White,0,0,0,0,2,1.0,6.0,False,0.19211552
818,1,Non-White,0,0,0,0,2,1.0,6.0,False,0.19211552
2271,1,Non-White,0,0,0,0,2,0.0,1.0,False,0.19266827
4111,1,Non-White,0,0,0,0,2,0.0,1.0,False,0.19266827
5556,0,Non-White,0,0,0,0,2,0.0,1.0,False,0.19266827
4323,1,Non-White,0,0,0,1,2,1.0,10.0,False,0.19338761
2425,0,Non-White,0,0,0,0,2,1.0,7.0,False,0.19354837
788,1,White,0,0,0,0,2,0.0,2.0,False,0.19410199
3646,1,White,0,0,0,0,2,0.0,2.0,False,0.19410199
5057,1,White,1,0,0,0,1,22.0,1.0,True,-0.19420491
2481,1,White,1,0,0,0,1,22.0,0.0,True,-0.19441094
4776,1,Non-White,0,0,0,0,0,1.0,50.0,False,0.19456996
2076,1,Non-White,0,0,0,0,1,1.0,29.0,False,0.19477677
3759,1,White,0,0,0,0,1,1.0,29.0,False,0.19477677
1271,1,White,1,0,0,0,1,23.0,1.0,True,-0.19530359
5608,1,White,0,0,0,0,1,1.0,30.0,False,0.19621411
3295,1,White,0,0,0,0,2,1.0,9.0,False,0.1964214
3163,1,White,1,0,0,0,1,30.0,29.0,True,-0.19721536
528,1,Non-White,1,0,0,0,1,27.0,0.0,True,-0.19961828
4182,0,Non-White,1,0,0,0,13,1.0,2.0,False,0.20041043
5534,1,Non-White,1,0,0,0,13,1.0,4.0,False,0.20330712
3875,1,Non-White,0,0,0,0,1,1.0,36.0,False,0.20489082
1439,1,White,0,0,0,1,2,0.0,13.0,False,0.20549835
1661,1,White,0,0,0,0,1,1.0,37.0,False,0.2063454
3612,0,Non-White,0,0,0,2,3,1.0,1.0,False,0.2064384
5743,1,Non-White,0,0,0,0,2,1.0,16.0,False,0.20655504
527,0,White,0,0,0,0,2,2.0,22.0,False,0.20744969
5328,1,White,0,0,0,0,0,0.0,54.0,False,0.20815533
3899,0,Non-White,0,0,0,0,2,1.0,18.0,False,0.20947224
1491,0,Non-White,0,0,0,0,0,1.0,61.0,False,0.210513
1721,1,Non-White,0,0,0,1,3,1.0,1.0,False,0.2109812
1109,1,Non-White,0,0,0,0,11,0.0,1.0,True,0.21158127
3735,0,Non-White,0,0,0,0,3,1.0,0.0,False,0.21407737
105,0,Non-White,0,0,0,0,3,1.0,1.0,False,0.21554694
3534,1,White,0,0,0,0,3,1.0,1.0,False,0.21554694
5389,1,White,0,0,0,0,3,1.0,1.0,False,0.21554694
14,0,Non-White,0,0,0,0,3,1.0,1.0,False,0.21554694
2507,1,Non-White,0,0,0,0,3,1.0,1.0,False,0.21554694
2692,1,Non-White,0,0,0,0,3,1.0,1.0,False,0.21554694
5320,1,Non-White,0,0,0,0,3,1.0,1.0,False,0.21554694
2744,1,Non-White,0,0,0,0,3,1.0,1.0,False,0.21554694
4156,1,Non-White,0,0,0,0,3,1.0,1.0,False,0.21554694
1187,0,Non-White,0,0,0,0,3,1.0,1.0,False,0.21554694
1282,1,Non-White,0,0,0,0,3,1.0,1.0,False,0.21554694
4173,1,Non-White,1,1,0,0,5,0.0,0.0,False,0.21600394
3383,0,Non-White,0,0,0,0,3,1.0,2.0,False,0.21701887
1739,1,Non-White,0,0,0,0,3,1.0,2.0,False,0.21701887
2167,1,Non-White,1,0,0,0,22,1.0,1.0,True,0.2180171
2509,1,Non-White,0,0,0,0,3,1.0,3.0,False,0.21849315
3093,1,White,0,0,0,1,1,1.0,49.0,False,0.21937877
1547,1,Non-White,0,0,0,0,3,1.0,4.0,False,0.21996975
443,1,White,0,0,0,0,4,5.0,5.0,False,0.22085711
5929,1,White,0,0,0,0,3,0.0,0.0,False,0.22201997
525,0,White,0,0,0,0,3,1.0,6.0,False,0.22292979
1238,0,White,0,0,0,0,3,1.0,6.0,False,0.22292979
5657,1,Non-White,0,0,0,0,3,1.0,6.0,False,0.22292979
1954,1,Non-White,0,0,0,0,3,0.0,1.0,False,0.22350214
6109,1,White,0,0,0,0,3,0.0,1.0,False,0.22350214
1587,1,Non-White,0,0,0,0,0,1.0,71.0,False,0.22525674
3460,0,Non-White,0,0,0,0,3,1.0,8.0,False,0.22589889
2243,1,Non-White,0,0,0,0,1,0.0,45.0,False,0.22604454
5859,1,Non-White,0,0,0,0,5,9.0,9.0,False,0.22619699
3900,0,Non-White,0,0,0,0,3,1.0,9.0,False,0.22738694
4376,0,Non-White,0,1,0,0,1,27.0,15.0,False,0.22758448
2844,0,Non-White,0,0,1,0,2,16.0,1.0,False,0.22815035
4378,1,Non-White,0,0,0,0,2,1.0,31.0,False,0.22866228
4321,1,White,1,0,0,0,14,1.0,1.0,False,0.23001921
1422,0,White,1,0,0,0,13,0.0,17.0,False,0.2303805
1614,0,Non-White,1,0,0,0,14,1.0,2.0,False,0.23151334
583,0,Non-White,1,0,0,0,14,1.0,2.0,False,0.23151334
5354,0,Non-White,0,0,0,0,2,1.0,33.0,False,0.2316488
4809,1,Non-White,0,0,0,3,4,1.0,1.0,False,0.23307317
6032,1,Non-White,0,0,0,0,4,3.0,3.0,False,0.23391849
964,0,Non-White,1,0,0,0,14,1.0,4.0,False,0.23450819
1185,0,Non-White,1,0,0,0,14,1.0,5.0,False,0.23600884
4475,1,Non-White,1,0,0,0,14,0.0,0.0,False,0.23658855
4334,0,White,0,0,0,0,3,1.0,18.0,False,0.24087763
1369,0,Non-White,1,0,0,0,12,1.0,51.0,False,0.24159808
1436,0,Non-White,0,0,1,0,4,27.0,27.0,False,0.2417154
4771,0,White,1,0,0,0,3,1.0,242.0,False,0.24266134
2239,0,Non-White,0,0,0,1,12,1.0,11.0,True,0.24532817
4685,0,Non-White,1,0,0,0,13,1.0,33.0,False,0.24635506
5393,1,White,1,0,0,0,9,1.0,118.0,False,0.24699801
4679,0,Non-White,0,0,0,0,4,1.0,1.0,False,0.24714774
1712,1,Non-White,0,0,0,0,4,1.0,1.0,False,0.24714774
2385,0,Non-White,0,0,0,0,4,1.0,1.0,False,0.24714774
1242,1,Non-White,0,0,0,1,4,1.0,5.0,False,0.24849588
3894,1,Non-White,0,0,0,0,4,1.0,2.0,False,0.24866608
3838,1,Non-White,0,0,0,0,4,1.0,2.0,False,0.24866608
1170,1,Non-White,0,0,0,1,4,0.0,0.0,False,0.24908228
5364,0,White,0,0,0,0,4,1.0,3.0,False,0.2501865
3057,1,Non-White,0,0,0,0,4,0.0,0.0,False,0.2538223
652,0,Non-White,0,0,0,0,4,0.0,0.0,False,0.2538223
1276,1,White,0,0,0,0,4,0.0,0.0,False,0.2538223
1822,0,Non-White,0,0,0,0,4,0.0,0.0,False,0.2538223
895,1,Non-White,0,0,0,0,4,0.0,1.0,False,0.2553496
204,1,Non-White,0,0,0,0,4,0.0,1.0,False,0.2553496
3593,0,White,1,0,0,0,22,1.0,27.0,True,0.25710434
2409,0,Non-White,1,0,0,0,22,29.0,2.0,False,0.25930053
1812,0,Non-White,1,0,0,0,15,1.0,1.0,False,0.2620613
530,1,Non-White,1,0,0,0,15,1.0,1.0,False,0.2620613
1579,0,Non-White,1,0,0,0,9,1.0,130.0,False,0.26534814
1336,1,Non-White,1,0,0,1,15,1.0,7.0,False,0.26650733
1774,0,White,0,0,0,2,5,2.0,5.0,False,0.2678663
3664,1,Non-White,0,0,0,0,2,1.0,59.0,False,0.27123344
361,1,Non-White,0,0,0,0,3,0.0,33.0,False,0.27205402
3451,0,Non-White,0,0,1,0,8,1.0,1.0,True,0.27444094
4566,0,Non-White,0,0,0,1,5,1.0,1.0,False,0.27482954
494,1,Non-White,0,0,0,1,5,1.0,1.0,False,0.27482954
1269,0,White,0,0,2,1,3,1.0,1.0,True,0.27694714
4795,1,Non-White,0,0,0,0,1,1.0,84.0,False,0.27721572
6114,1,White,0,0,0,0,2,1.0,63.0,False,0.27743965
173,1,Non-White,0,0,0,0,5,1.0,1.0,False,0.27966845
388,0,Non-White,0,0,0,0,5,1.0,1.0,False,0.27966845
4912,0,White,0,0,0,0,5,1.0,1.0,False,0.27966845
5506,0,Non-White,0,0,0,0,5,1.0,1.0,False,0.27966845
1002,1,Non-White,0,0,0,0,5,1.0,1.0,False,0.27966845
460,0,Non-White,0,0,0,0,5,1.0,1.0,False,0.27966845
1244,0,Non-White,0,0,0,0,5,1.0,2.0,False,0.2812271
2566,0,Non-White,0,0,0,0,5,1.0,2.0,False,0.2812271
5686,1,Non-White,0,0,0,0,5,1.0,3.0,False,0.28278738
5202,1,Non-White,0,0,0,0,3,1.0,47.0,False,0.28546244
2564,1,Non-White,0,0,0,0,5,1.0,5.0,False,0.285913
1297,1,Non-White,0,0,0,0,4,0.0,21.0,False,0.28629154
3156,1,Non-White,0,0,0,0,5,0.0,0.0,False,0.2865169
3642,1,White,0,0,0,0,5,0.0,0.0,False,0.2865169
4779,1,White,0,0,0,0,5,1.0,6.0,False,0.28747836
63,1,Non-White,0,0,0,0,5,0.0,1.0,False,0.2880829
2760,0,Non-White,0,0,0,0,5,0.0,1.0,False,0.2880829
2617,0,Non-White,0,0,0,0,1,0.0,86.0,False,0.2887473
5867,1,Non-White,0,0,2,1,3,1.0,9.0,True,0.2894393
995,1,Non-White,0,0,0,1,4,1.0,33.0,False,0.29178208
2817,0,Non-White,0,0,0,0,3,1.0,53.0,False,0.2948764
4071,1,Non-White,1,0,0,0,16,1.0,1.0,False,0.29496056
2359,0,Non-White,1,0,0,0,16,1.0,1.0,False,0.29496056
2117,0,Non-White,1,0,0,0,16,1.0,1.0,False,0.29496056
520,1,Non-White,0,0,0,0,4,1.0,32.0,False,0.29510307
1620,0,Non-White,0,0,0,0,4,1.0,33.0,False,0.29667795
2304,1,White,1,0,0,0,7,1.0,194.0,False,0.29922205
344,1,Non-White,1,0,0,0,11,1.0,110.0,False,0.30013144
870,1,Non-White,1,0,0,0,16,0.0,0.0,False,0.3018788
4888,1,White,0,0,0,0,12,0.0,39.0,True,0.3018828
3648,1,White,1,0,1,0,11,1.0,1.0,False,0.30241597
2341,0,Non-White,0,0,1,1,9,1.0,2.0,True,0.30428055
5786,0,Non-White,0,1,0,0,3,1.0,60.0,True,0.30468833
649,1,Non-White,0,0,0,1,5,1.0,22.0,False,0.30779588
4098,1,Non-White,0,0,0,0,2,1.0,83.0,False,0.3088749
3588,0,Non-White,0,0,1,0,9,1.0,3.0,True,0.31080252
1095,1,White,0,0,0,0,6,1.0,1.0,False,0.3129686
4606,1,Non-White,0,0,0,0,6,1.0,1.0,False,0.3129686
5480,1,White,0,0,0,0,6,1.0,1.0,False,0.3129686
1214,1,White,0,0,0,0,6,1.0,1.0,False,0.3129686
4671,0,White,0,0,0,0,6,1.0,1.0,False,0.3129686
4568,1,Non-White,0,0,1,2,1,1.0,3.0,False,0.31376672
802,0,Non-White,0,0,0,0,1,1.0,109.0,False,0.31659943
1496,1,Non-White,0,0,1,1,1,1.0,2.0,False,0.31713146
5625,1,Non-White,0,0,0,0,6,0.0,0.0,False,0.31995958
2064,0,Non-White,0,0,1,0,1,1.0,1.0,False,0.32050216
4619,1,Non-White,0,0,1,0,1,1.0,1.0,False,0.32050216
3344,1,Non-White,0,0,1,0,1,1.0,1.0,False,0.32050216
4186,1,Non-White,0,0,0,0,5,1.0,27.0,False,0.32071036
3154,1,Non-White,0,0,0,0,6,0.0,1.0,False,0.32155716
2571,0,Non-White,0,0,1,1,1,1.0,5.0,False,0.321921
2577,0,Non-White,0,0,0,0,4,1.0,51.0,False,0.32527816
4552,1,Non-White,1,0,0,0,16,1.0,24.0,False,0.33154732
2809,1,Non-White,0,0,0,0,5,1.0,34.0,False,0.33192402
3571,0,Non-White,0,0,1,0,6,19.0,1.0,False,0.3345642
572,0,Non-White,1,0,0,0,17,1.0,6.0,False,0.33660233
5106,1,Non-White,0,0,0,0,5,1.0,37.0,False,0.33674818
3121,1,Non-White,1,0,0,0,13,1.0,91.0,False,0.3372848
4190,1,Non-White,0,0,1,2,2,2.0,2.0,False,0.337398
576,0,Non-White,0,0,0,0,7,2.0,1.0,False,0.33820075
2877,0,White,1,1,0,0,9,1.0,1.0,False,0.34031278
3407,0,White,0,0,0,1,7,1.0,1.0,False,0.34186623
2220,1,Non-White,0,0,0,0,7,1.0,1.0,False,0.34689194
422,1,Non-White,0,0,0,0,7,1.0,1.0,False,0.34689194
4762,0,Non-White,0,0,0,0,7,1.0,1.0,False,0.34689194
1696,0,White,0,0,0,0,7,1.0,1.0,False,0.34689194
5544,1,Non-White,0,0,0,0,7,1.0,1.0,False,0.34689194
4832,1,Non-White,0,0,0,0,7,1.0,2.0,False,0.34850898
4773,0,Non-White,0,0,0,0,7,1.0,3.0,False,0.35012695
3867,1,Non-White,0,0,0,0,1,1.0,132.0,False,0.3535862
78,0,White,0,0,0,0,7,0.0,0.0,False,0.35399145
3823,0,Non-White,0,0,1,0,2,1.0,1.0,False,0.3545421
987,0,Non-White,0,0,0,0,7,0.0,1.0,False,0.3556127
2440,0,Non-White,0,0,0,0,3,1.0,91.0,False,0.35567427
3908,1,Non-White,0,0,0,0,5,1.0,49.0,False,0.35614145
3893,1,Non-White,0,0,1,0,2,1.0,2.0,False,0.35616368
1572,0,Non-White,0,0,0,0,11,15.0,1.0,False,0.3617602
3959,0,White,0,0,1,0,2,0.0,1.0,False,0.36328638
3728,1,Non-White,1,0,0,0,15,1.0,66.0,False,0.3652733
1211,1,White,0,1,0,1,5,0.0,54.0,True,0.3666853
5149,1,Non-White,0,0,0,0,3,0.0,93.0,False,0.36767632
2793,0,Non-White,0,0,0,0,6,1.0,35.0,False,0.36775136
3095,0,Non-White,0,0,0,0,6,1.0,36.0,False,0.36937982
1798,0,Non-White,0,0,0,0,4,1.0,80.0,False,0.37216946
4133,0,Non-White,1,0,0,0,15,1.0,72.0,False,0.37504834
4599,1,Non-White,0,0,0,0,1,0.0,141.0,False,0.37698773
759,1,Non-White,0,0,0,0,1,7.0,180.0,False,0.37910736
5084,1,White,0,0,0,0,8,1.0,1.0,False,0.3812697
5907,0,Non-White,0,0,0,0,8,1.0,1.0,False,0.3812697
4418,1,Non-White,0,0,0,0,8,1.0,1.0,False,0.3812697
690,1,White,0,0,0,0,8,1.0,2.0,False,0.38290396
5454,0,Non-White,0,0,0,0,8,1.0,3.0,False,0.3845386
3116,1,Non-White,0,0,0,0,2,1.0,132.0,False,0.38803226
1643,0,Non-White,0,0,0,0,8,0.0,0.0,False,0.38844144
3649,1,Non-White,0,0,1,0,3,1.0,1.0,False,0.3889974
362,0,White,0,0,1,1,3,0.0,0.0,False,0.3910826
164,1,White,1,0,0,0,2,1.0,359.0,False,0.3948783
2120,1,Non-White,0,0,0,0,1,1.0,168.0,False,0.41238922
4933,0,White,0,0,0,0,7,1.0,43.0,False,0.41545063
1790,1,Non-White,0,0,0,0,3,1.0,128.0,False,0.41614708
4150,1,White,0,1,1,1,4,1.0,1.0,True,0.41728532
4760,1,Non-White,0,0,1,1,4,1.0,2.0,False,0.42021754
506,1,Non-White,0,1,0,0,1,1.0,1.0,False,0.42792445
2903,1,Non-White,0,1,0,0,1,1.0,1.0,False,0.42792445
6062,0,Non-White,0,0,1,0,2,1.0,52.0,False,0.43800727
120,0,Non-White,0,1,0,0,1,0.0,3.0,False,0.44006416
4166,1,Non-White,0,0,1,0,5,1.0,1.0,False,0.45842966
3286,1,White,0,1,0,0,2,1.0,1.0,False,0.4626593
5798,0,Non-White,0,0,0,0,3,1.0,165.0,False,0.4768975
2078,0,Non-White,0,0,1,0,2,1.0,77.0,False,0.47902763
1806,1,Non-White,0,1,0,0,2,1.0,18.0,False,0.4904808
3945,0,Non-White,0,0,1,0,6,1.0,4.0,False,0.4979244
5803,0,Non-White,0,1,0,0,3,1.0,2.0,False,0.49886483
4096,0,White,0,0,1,0,6,0.0,0.0,False,0.5001805
5264,0,Non-White,0,1,0,1,2,1.0,36.0,False,0.514687
75,0,Non-White,0,1,0,0,2,0.0,30.0,False,0.5187293
5338,1,Non-White,1,0,3,0,7,1.0,5.0,False,0.5306613
5155,0,Non-White,0,1,0,0,4,1.0,1.0,False,0.53147346
122,0,Non-White,1,1,1,0,9,1.0,13.0,False,0.54005665
5646,1,Non-White,0,0,3,1,6,1.0,1.0,True,0.5583452
1602,1,Non-White,0,0,2,0,3,1.0,1.0,False,0.5685854
4100,0,White,0,0,2,0,3,1.0,1.0,False,0.5685854
1560,0,Non-White,1,2,0,0,19,17.0,17.0,True,0.56872636
2403,0,Non-White,0,2,0,0,6,1.0,1.0,True,0.5970241
4674,1,Non-White,0,1,0,0,6,1.0,1.0,False,0.5982365
4345,0,Non-White,1,2,0,0,8,0.0,2.0,False,0.6017995
1678,0,Non-White,0,2,0,0,2,21.0,21.0,False,0.60464454
5400,0,Non-White,0,1,0,0,6,0.0,0.0,False,0.60499096
3466,0,Non-White,0,1,1,1,2,1.0,2.0,False,0.6343641
931,0,Non-White,1,2,0,0,18,1.0,1.0,True,0.6438431
5502,1,Non-White,0,1,1,0,2,1.0,50.0,False,0.7076836
302,0,Non-White,0,2,0,0,3,0.0,0.0,False,0.763324
1247,0,Non-White,1,3,0,0,6,1.0,31.0,False,0.8137137
1148,0,Non-White,0,3,0,0,2,21.0,15.0,False,0.8295785
4265,1,Non-White,0,3,0,0,6,26.0,26.0,False,0.89581335
